summary,generated_response
"도색 필요 발생, 민원 접수 처리함.","도색이 필요한 경우가 발생하였으며, 해당 민원을 접수 및 처리하였습니다."
"시설 파손 발생, 처리 처리함.","**공공문체:** 시설물 파손 사항이 확인되어 현장 점검을 실시하였으며, 관련 수리 작업을 완료하였습니다."
온천동 계단 철거 완료.,온천동 일대 계단에 대한 철거 작업을 완료하였습니다.
무단투기에 대한 민원 접수 요청함.,무단 투기 민원 접수를 요청하였습니다.
"가로등 고장 발생, 재도색 처리함.",가로등 고장 현상이 발생하여 재도색 처리를 완료하였습니다.
부암동 가로등 조치 완료.,부암동 일대 가로등에 대한 점검 및 수리 조치를 완료하였습니다.
화명1동 시설 파손 수리 완료.,- 공공문체: 화명1동 내 파손된 시설에 대해 수리를 완료하였습니다.
온천동 무단투기 조치 필요.,온천동 일대 무단 투기 현상에 대해 조치를 요청하였습니다.
시설 파손에 대해 철거 예정.,시설물 파손에 대한 처리를 위해 철거 조치를 예정하고 있습니다.
도색 필요에 대해 청소 예정.,"""도색이 필요한 경우에 대해 청소를 예정하였습니다."""
수정동 불법주차 현장 확인 필요.,수정동 일대 불법 주정차 차량에 대한 현장 확인 절차를 진행하였습니다.
청소 미흡에 대해 계도 예정.,화명1동 일대 청소 미흡한 사항에 대해 현장 계도 조치를 예정하였습니다.
부암동 시설 파손 관련 청소 실시함.,부암동에서 파손된 시설에 대해 청소 및 복구 작업을 완료하였습니다.
명륜동 소음 민원 조치 필요.,명륜동에서 발생한 소음 관련 민원에 대해 조치가 필요합니다.
범일동 소음 민원 관련 재도색 실시함.,"범일동 일대 소음 민원과 관련하여 재도색 작업을 실시하였습니다.  

(또는: 범일동 내 소음 문제와 관련된 재도색 사업을 진행하였습니다.)"
화명1동 도색 필요 민원 접수 완료.,화명1동 일대의 도색이 필요한 민원을 접수하였습니다.
횡단보도 수리 요청됨.,횡단보도에 대한 수리 요청을 접수하였습니다.
대연동 청소 미흡 현장 확인 필요.,대연동 일대의 청소 미흡 사항에 대해 현장 점검을 실시하였습니다.
가로등 고장에 대해 조치 예정.,"""가로등 점멸 현상으로 인해 발생한 고장에 대해 조치를 예정하고 있습니다."""
화명1동 보도블럭 민원 접수 완료.,화명1동 일대 보도블럭에 대한 민원 접수를 완료하였습니다.
노상적치물에 대해 철거 예정.,노상 적치물에 대한 철거 작업을 예정하고 있습니다.
소음 민원에 대한 조치 요청함.,**공공문체:** 소음 관련 민원에 대해 조치를 요청하였습니다.
계단 철거 요청됨.,계단 철거를 위한 절차를 검토하여 요청 사항을 처리하였습니다.
"연산동 신호등 상태 보도블럭 파손, 재도색 중.",연산동 일대 신호등 및 보도블럭의 파손 상태에 대해 수리와 재도색 작업을 진행하고 있습니다.
전포동 도로표지판 청소 완료.,전포동 도로 표지판에 대한 청소 작업을 완료하였습니다.
명륜동 가림막 확인 완료.,명륜동 일대 가림막에 대한 현장 확인을 완료하였습니다.
노상적치물에 대한 조치 요청함.,**공공문체:** 노상 적치물에 대해 조치를 요청하였습니다.
화명1동 청소 미흡 재도색 완료.,화명1동 일대 청소 미흡으로 인한 벽면 재도색을 완료하였습니다.
"전포동 보도블럭 상태 무단투기, 수리 중.",전포동 일대 보도블럭의 무단 투기 문제에 대해 수리 작업을 진행 중입니다.
가로등 확인 요청됨.,가로등 점검을 요청받았습니다.
CCTV 처리 요청됨.,CCTV 설치 또는 관련 사항에 대해 조치를 요청하였습니다.
범일동 가로등 계도 완료.,범일동 일대 가로등에 대한 현장 계도 조치를 완료하였습니다.
"도색 필요 발생, 처리 처리함.",도색이 필요한 부분에 대해 조치를 완료하였습니다.
화명1동 불법주차 철거 완료.,화명1동 일대 불법 주정차 차량에 대해 현장 철거 조치를 완료하였습니다.
화명1동 시설 파손 민원 접수 완료.,화명1동 내 시설물 파손 민원을 접수하였습니다.
전포동 펜스 청소 완료.,전포동 일대 펜스에 대한 청소를 완료하였습니다.
불법주차에 대한 처리 요청함.,불법 주정차 차량에 대해 조치를 요청하였습니다.
온천동 무단투기 조치 필요.,온천동 일대 무단 투기 행위에 대해 조치를 취할 예정입니다.
명륜동 보도블럭 수리 완료.,명륜동 일대 보도블럭에 대한 수리 작업을 완료하였습니다.
"대연동 도로표지판 상태 무단투기, 수리 중.",대연동 도로 표지판의 파손 및 무단 투기로 인한 상태 문제에 대해 수리 작업을 진행 중입니다.
시설 파손에 대한 처리 요청함.,시설물 파손에 대한 처리 절차를 요청하였습니다.
전포동 무단투기 현장 확인 필요.,전포동 일대 무단 투기 현장에 대해 현장 확인을 요청하였습니다.
화명1동 청소 미흡 민원 접수 완료.,화명1동 일대의 청소 미흡 사항에 대해 민원 접수를 완료하였습니다.
온천동 불법주차 조치 필요.,온천동 일대 불법 주정차 차량에 대해 현장 점검 및 조치를 실시하였습니다.
전포동 보도블럭 파손 조치 필요.,**답변:** 전포동 일대 보도블럭 파손 사항에 대해 조치를 요청하였습니다.
화명1동 쓰레기 방치 현장 확인 필요.,화명1동 일대 쓰레기 방치 현황에 대해 현장 확인을 진행하였습니다.
대연동 쓰레기 방치 조치 필요.,대연동 일대 쓰레기 방치 현황에 대해 조치를 검토하고 있습니다.
도로표지판 철거 요청됨.,도로 표지판의 철거를 요청하였습니다.
화명1동 시설 파손 청소 완료.,화명1동 소재 시설물의 파손 부분에 대한 청소 작업을 완료하였습니다.
명륜동 소음 민원 현장 확인 필요.,명륜동 일대에서 신고된 소음 관련 민원에 대하여 현장 확인 절차를 진행할 예정입니다.
화명1동 시설 파손 정비 완료.,화명1동 관내 파손된 시설에 대한 정비를 완료하였습니다.
보도블럭 정비 요청됨.,보도블럭에 대한 정비를 요청하였습니다.
화명1동 가로등 고장 철거 완료.,화명1동 지역의 고장난 가로등에 대해 철거 및 복구 작업을 완료하였습니다.
화명1동 쓰레기 방치 재도색 완료.,- 공공문체: 화명1동 일대 방치된 쓰레기에 대한 재도색 작업을 완료하였습니다.
"대연동 횡단보도 상태 쓰레기 방치, 조치 중.","**대연동 횡단보도 일대 쓰레기 방치 문제에 대해 현장 점검을 실시하였으며, 관련 조치를 진행 중입니다.**"
벤치 재도색 요청됨.,"**공공문체:**  
공원 내 파손 및 노후화된 벤치에 대해 재도색을 요청하였습니다."
사직동 도색 필요 관련 민원 접수 실시함.,**공공문체:** 사직동 일대 도색이 필요한 민원을 접수하였습니다.
가림막 처리 요청됨.,"가림막 설치 요청에 대하여 조치를 완료하였습니다.  

(또는)  
가림막 설치에 대한 요청을 접수하였으며, 관련 절차를 진행하였습니다."
화명1동 CCTV 조치 완료.,화명1동 일대 CCTV에 대한 조치를 완료하였습니다.
쓰레기 방치에 대해 조치 예정.,- 공공문체: 쓰레기 방치 현황에 대해 조치를 진행할 계획입니다.
"시설 파손 발생, 청소 처리함.",시설물 파손이 확인되어 청소 및 정비를 완료하였습니다.
수정동 시설 파손 현장 확인 필요.,수정동 일대의 시설 파손 사항에 대해 현장 확인을 진행할 예정입니다.
명륜동 도색 필요 현장 확인 필요.,**답변:** 명륜동 일대 도색이 필요한 장소에 대해 현장 점검을 실시하겠습니다.
연산동 노상적치물 관련 계도 실시함.,연산동 일대 노상 적치물에 대해 계도 조치를 실시하였습니다.
청소 미흡에 대해 정비 예정.,**공공문체:** 해당 지역의 청소 미흡 사항에 대해 조치를 취해 정비 예정입니다.
화명1동 시설 파손 수리 완료.,화명1동 내 파손된 시설에 대한 수리 작업을 완료하였습니다.
청소 미흡에 대해 수리 예정.,"""청소 미흡한 부분에 대해 조치를 취할 예정입니다."""
"범일동 도로표지판 상태 시설 파손, 계도 중.","범일동 도로 표지판의 파손 사항에 대해 현장 점검을 실시하였으며, 필요한 계도 조치를 완료하였습니다."
도색 필요에 대한 계도 요청함.,화명1동 일대 도색이 필요한 장소에 대해 계도 조치를 요청하였습니다.
사직동 불법주차 조치 필요.,**공공문체:** 사직동 일대 불법 주정차 차량에 대해 조치를 취할 예정입니다.
전포동 쓰레기 방치 관련 수리 실시함.,전포동 일대 쓰레기 방치 현장에 대해 수리 조치를 실시하였습니다.
온천동 시설 파손 조치 필요.,온천동 시설의 파손 부분에 대해 조치를 취할 필요가 있습니다.
부암동 도색 필요 현장 확인 필요.,부암동 일대 도색이 필요한 현장에 대해 현장 확인을 완료하였습니다.
부암동 보도블럭 정비 완료.,부암동 일대 보도블럭에 대한 정비를 완료하였습니다.
청소 미흡에 대한 청소 요청함.,화명1동 일대의 청소 미흡 사항에 대해 조치를 요청하였습니다.
쓰레기 방치에 대한 확인 요청함.,쓰레기 방치 현황에 대하여 확인을 요청하였습니다.
쓰레기 방치에 대한 확인 요청함.,쓰레기 방치 현황을 확인하여 조치를 취하였습니다.
불법주차에 대한 민원 접수 요청함.,불법 주정차 민원 접수를 요청하였습니다.
연산동 시설 파손 조치 필요.,연산동 일대 파손된 시설에 대해 조치를 취할 예정입니다.
"가로등 고장 발생, 청소 처리함.",가로등 고장 현황을 확인하여 청소 및 정비를 완료하였습니다.
보도블럭 파손에 대해 정비 예정.,"보도블럭이 파손된 사항을 확인하였으며, 해당 부위에 대한 정비를 계획 중입니다."
CCTV 확인 요청됨.,"CCTV 관련 확인을 위해 조치를 요청하였습니다.  

(또는)  
CCTV 현황 확인을 위하여 요청하였습니다."
"명륜동 벤치 상태 도색 필요, 조치 중.",명륜동 일대 벤치의 상태 개선을 위해 색상 도색 작업을 진행 중입니다.
화명1동 불법주차 계도 완료.,화명1동 일대 불법 주정차 차량에 대해 현장 계도 조치를 완료하였습니다.
계단 민원 접수 요청됨.,계단 관련 민원을 접수하도록 요청하였습니다.
온천동 가로등 고장 현장 확인 필요.,온천동 일대 가로등 점멸 현상이 발생하여 정비를 위한 현장 확인 절차를 진행하였습니다.
"온천동 CCTV 상태 노상적치물, 조치 중.",온천동 지역 내 CCTV와 관련하여 노상에 적치된 물품에 대해 조치를 진행 중입니다.
"연산동 보도블럭 상태 청소 미흡, 처리 중.","- 공공문체: 연산동 일대 보도블럭의 청소 상태에 대해 점검을 실시하였으며, 미흡한 부분에 대한 정비를 진행 중입니다."
수정동 소음 민원 관련 민원 접수 실시함.,**공공문체:** 수정동 소음 민원에 대해 접수를 실시하였습니다.
범일동 시설 파손 현장 확인 필요.,범일동 내 시설물의 파손 상황을 확인하기 위해 현장 점검을 실시하였습니다.
횡단보도 조치 요청됨.,**공공문체:** 횡단보도에 대한 조치를 요청하였습니다.
"명륜동 도로표지판 상태 청소 미흡, 정비 중.",명륜동 도로 표지판의 청소 상태가 미흡한 점을 확인하여 관련 정비 작업을 진행 중입니다.
화명1동 도색 필요 민원 접수 완료.,"**답변:** 화명1동 일대 도색이 필요한 사항에 대해 민원 접수를 완료하였습니다.  

(공공기관 답변 문체로 자연스럽게 변환된 내용입니다.)"
온천동 벤치 계도 완료.,온천동 일대 파손 또는 불편을 유발한 벤치에 대해 현장 계도 조치를 완료하였습니다.
"사직동 가로등 상태 도색 필요, 민원 접수 중.","**공공문체:** 사직동 지역 가로등에 대한 도색이 필요한 점을 확인하였으며, 해당 사항은 이미 민원 접수 처리하였습니다.  

(※ 공공기관 답변 문체는 간결하고 공식적인 표현을 사용하며, 사실관계를 명확히 전달하는 방식으로 작성됩니다.)"
화명1동 노상적치물 수리 완료.,화명1동 일대 노상 적치물에 대해 수리 작업을 완료하였습니다.
온천동 도색 필요 관련 확인 실시함.,온천동 일대 건축물의 도색이 필요한 사항에 대하여 현장 확인을 실시하였습니다.
"보도블럭 파손 발생, 조치 처리함.",보도블럭 파손이 확인되어 해당 부위에 대한 조치를 완료하였습니다.
CCTV 확인 요청됨.,**답변:** CCTV 영상 확인을 요청하였습니다.
"범일동 CCTV 상태 쓰레기 방치, 재도색 중.","범일동 CCTV 설치 위치에서 발생한 쓰레기 방치 문제에 대해 조치를 취하였으며, 현장 재도색 작업을 진행하였습니다."
시설 파손에 대해 확인 예정.,**공공문체:** 해당 시설의 파손 상황을 조사하여 확인할 예정입니다.
화명1동 무단투기 청소 완료.,화명1동 일대 무단 투기된 쓰레기에 대해 현장 청소 작업을 완료하였습니다.
"화명1동 가로등 상태 도색 필요, 철거 중.","""화명1동 지역의 가로등에 대한 도색이 필요하며 현재 철거 작업을 진행하고 있습니다."""
노상적치물에 대한 계도 요청함.,**공공문체:** 노상 적치물에 대해 현장 계도 조치를 요청하였습니다.
범일동 청소 미흡 현장 확인 필요.,범일동 일대 청소 상태에 대한 현장 점검이 필요합니다.
도로표지판 정비 요청됨.,도로 표지판의 정비를 요청하였습니다.
"도색 필요 발생, 처리 처리함.",도색이 필요한 부분에 대해 조치를 완료하였습니다.
소음 민원에 대한 확인 요청함.,소음 민원에 대한 현황을 확인하여 조치를 요청하였습니다.
"명륜동 횡단보도 상태 노상적치물, 청소 중.",명륜동 일대 횡단보도에 대한 노상 적치물 현장 점검을 실시하였으며 청소 작업을 완료하였습니다.
무단투기에 대한 계도 요청함.,무단 투기 행위에 대해 현장 계도 조치를 요청하였습니다.
대연동 신호등 정비 완료.,대연동 일대의 신호등에 대한 정비 작업을 완료하였습니다.
무단투기에 대한 조치 요청함.,무단 투기 현장에 대한 조치를 요청하였습니다.
"도색 필요 발생, 청소 처리함.",도색이 필요한 경우에 대해 청소 및 관리 조치를 완료하였습니다.
"명륜동 도로표지판 상태 노상적치물, 확인 중.",명륜동 도로 표지판의 상태와 노상 적치물에 대해 현장 확인을 진행하였습니다.
"보도블럭 파손 발생, 민원 접수 처리함.",보도블럭 파손 사안에 대해 민원 접수를 완료하였습니다.
노상적치물에 대한 계도 요청함.,노상 적치물에 대해 계도 조치를 요청하였습니다.
사직동 신호등 청소 완료.,**공공문체:** 사직동 신호등에 대한 청소 작업을 완료하였습니다.
화명1동 시설 파손 현장 확인 필요.,화명1동 일대 시설물 파손 현황을 확인하기 위한 조치를 취하겠습니다.
온천동 도색 필요 현장 확인 필요.,온천동 일대 건물 도색이 필요한지 현장 점검을 실시하도록 조치하였습니다.
노상적치물에 대해 처리 예정.,노상 적치물에 대한 처리를 진행할 예정입니다.
벤치 수리 요청됨.,공원 내 파손된 벤치에 대해 수리 절차를 진행하였습니다.
"노상적치물 발생, 수리 처리함.","**공공문체:** 노상 적치물에 대한 현장 점검을 완료하였으며, 수리를 완료하였습니다."
범일동 무단투기 관련 확인 실시함.,범일동 일대의 무단 투기 현황을 확인하여 조치를 실시하였습니다.
불법주차에 대한 수리 요청함.,불법 주정차 차량에 대한 현장 수리 조치를 요청하였습니다.
온천동 시설 파손 조치 필요.,온천동 일대의 시설 파손 사항에 대해 조치를 취할 필요가 있습니다.
펜스 계도 요청됨.,"펜스 설치 불편사항에 대해 현장 점검을 실시하였으며, 계도를 요청하였습니다."
노상적치물에 대한 청소 요청함.,노상에 적치된 물품에 대해 청소 및 정리 조치를 요청하였습니다.
노상적치물에 대해 조치 예정.,노상 적치물에 대한 조치를 예정하고 있습니다.
"무단투기 발생, 확인 처리함.",무단 투기 행위를 확인하였으며 조치를 완료하였습니다.
"범일동 보도블럭 상태 쓰레기 방치, 처리 중.",범일동 보도블럭 주변에 방치된 쓰레기에 대해 현장 조치를 진행 중입니다.
가로등 철거 요청됨.,가로등 철거에 대한 요청을 접수하였습니다.
범일동 무단투기 조치 필요.,범일동 일대 무단 투기 문제에 대해 조치를 취할 필요가 있는 것으로 판단됩니다.
무단투기에 대해 철거 예정.,"- 답변 요약: 무단투기에 대해 철거 예정.  
- 공공문체: 무단 투기된 쓰레기에 대해 철거 조치를 예정하고 있습니다."
수정동 무단투기 조치 필요.,수정동 일대 무단 투기 문제에 대한 조치를 신속히 진행할 예정입니다. 관련 내용을 확인하여 현장에서 적극적인 관리와 정비가 이루어질 수 있도록 노력하겠습니다.
수정동 청소 미흡 조치 필요.,"**공공문체:** 수정동 일대 청소 미흡 사항에 대해 조치를 취하도록 개선을 요청하였습니다.  

(또는)  
**공공문체:** 수정동 지역의 청소 미흡 문제에 대한 개선 조치를 요청하였습니다."
화명1동 소음 민원 재도색 완료.,화명1동 소음 관련 민원으로 신고된 건물 재도장 작업을 완료하였습니다.
펜스 수리 요청됨.,- 공공문체: 펜스의 파손 부분에 대해 수리 작업을 요청하였습니다.
온천동 CCTV 재도색 완료.,온천동 일대의 CCTV 화면 재도색을 완료하였습니다.
명륜동 계단 확인 완료.,"명륜동 일대 계단의 현황을 확인하였으며, 결과를 보고하였습니다."
범일동 보도블럭 파손 현장 확인 필요.,**공공문체:** 범일동 일대 보도블럭 파손 현황을 확인하여 조치할 예정입니다.
"보도블럭 파손 발생, 민원 접수 처리함.",보도블록 파손 현황이 확인되어 해당 부위에 대한 민원 접수 및 처리 절차를 완료하였습니다.
"연산동 벤치 상태 노상적치물, 민원 접수 중.",연산동 일대 벤치 및 노상 적치물에 대한 민원을 접수하였습니다.
범일동 소음 민원 관련 정비 실시함.,"범일동 일대 소음 민원과 관련하여 현장 점검을 실시하였으며, 필요한 정비 조치를 완료하였습니다."
"온천동 가림막 상태 청소 미흡, 청소 중.",온천동 가림막의 청소 상태가 미흡하여 현재 해당 지역을 정비하는 중입니다.
"청소 미흡 발생, 처리 처리함.",**공공문체:** 해당 지역의 청소 미흡 사항에 대해 조치를 완료하였습니다.
화명1동 무단투기 조치 필요.,화명1동 일대 무단 투기 행위에 대한 조치를 신속히 진행할 예정입니다.
가로등 고장에 대해 민원 접수 예정.,가로등 고장 사항에 대해 민원 접수를 진행하였습니다.
화명1동 소음 민원 현장 확인 필요.,화명1동에서 발생한 소음 관련 민원에 대해 현장 확인이 필요합니다.
부암동 쓰레기 방치 관련 처리 실시함.,부암동 일대 쓰레기 방치 현황에 대해 조치를 완료하였습니다.
도색 필요에 대한 정비 요청함.,도색이 필요한 부분에 대해 정비를 요청하였습니다.
"도색 필요 발생, 민원 접수 처리함.",도색이 필요한 경우가 발생하여 관련 민원을 접수 처리하였습니다.
화명1동 가로등 고장 수리 완료.,화명1동 일대 가로등의 고장에 대한 수리 작업을 완료하였습니다.
"도색 필요 발생, 청소 처리함.",도색이 필요한 부분에 대해 청소 및 정비를 완료하였습니다.
보도블럭 파손에 대한 계도 요청함.,"보도블럭이 파손된 점을 확인하였으며, 해당 부위에 대해 안전 계도 조치를 완료하였습니다."
소음 민원에 대해 처리 예정.,소음 민원에 대한 조치를 진행 중입니다.
불법주차에 대해 철거 예정.,불법 주정차 차량에 대해 현장 조치를 진행할 예정입니다.
화명1동 시설 파손 확인 완료.,화명1동 내 시설물의 파손 사항을 현장 점검하여 확인하였습니다.
계단 정비 요청됨.,계단에 대한 정비를 요청하였습니다.
계단 재도색 요청됨.,계단의 재도색을 요청받았습니다.
"무단투기 발생, 계도 처리함.",무단 투기 행위가 발생하여 해당 부위에 대해 현장 계도 조치를 완료하였습니다.
전포동 청소 미흡 조치 필요.,전포동 일대의 청소 미흡 현상에 대해 조치를 취할 예정입니다.
전포동 소음 민원 조치 필요.,전포동에서 발생한 소음 민원에 대해 조치를 취할 예정입니다.
청소 미흡에 대한 처리 요청함.,"""청소가 미흡한 사항에 대해 조치를 요청하였습니다."""
"온천동 횡단보도 상태 무단투기, 청소 중.",온천동 일대 횡단보도에서 발생한 무단 투기 쓰레기에 대해 현장 점검 및 청소 작업을 진행 중입니다.
수정동 가림막 조치 완료.,- 공공문체: 수정동 일대 가림막에 대해 조치를 완료하였습니다.
수정동 보도블럭 파손 현장 확인 필요.,수정동 일대 보도블럭 파손 현장에 대한 점검을 실시하도록 조치하였습니다.
범일동 노상적치물 현장 확인 필요.,범일동 일대 노상 적치물에 대한 현장 확인 절차를 진행하였습니다.
계단 계도 요청됨.,계단 불법 주정차에 대해 현장 계도 조치를 요청하였습니다.
무단투기에 대해 계도 예정.,무단 투기 행위에 대해 현장 계도 조치를 예정하고 있습니다.
가림막 재도색 요청됨.,가림막의 재도색을 요청받았습니다.
쓰레기 방치에 대해 수리 예정.,쓰레기 방치 현장에 대해 조치를 취할 예정입니다.
사직동 쓰레기 방치 관련 청소 실시함.,- 공공문체: 사직동 일대 쓰레기 방치 현황에 대해 청소 조치를 실시하였습니다.
연산동 노상적치물 현장 확인 필요.,연산동 일대 노상 적치물에 대해 현장 확인을 진행할 예정입니다.
수정동 시설 파손 조치 필요.,수정동 소재 시설물의 파손 사항에 대해 조치를 취할 필요가 있습니다.
"대연동 가림막 상태 시설 파손, 철거 중.",- 공공문체: 대연동 일대 가림막 시설물의 파손 상황에 대해 조치를 진행 중입니다.
범일동 무단투기 조치 필요.,범일동 일대 무단 투기 행위에 대한 조치를 진행할 예정입니다.
노상적치물에 대해 처리 예정.,노상 적치물에 대한 처리를 진행할 예정입니다.
연산동 보도블럭 조치 완료.,연산동 일대 보도블럭 파손에 대한 현장 조치를 완료하였습니다.
계단 확인 요청됨.,계단에 대한 현장 확인을 요청하였습니다.
"무단투기 발생, 철거 처리함.",무단 투기 행위가 발생하여 해당 쓰레기를 철거 처리하였습니다.
수정동 무단투기 관련 확인 실시함.,**공공문체:** 수정동 일대 무단 투기 현황에 대해 현장 확인 조치를 완료하였습니다.
보도블럭 파손에 대해 조치 예정.,보도블럭 파손 상황에 대해 조치를 취할 예정입니다.
노상적치물에 대해 수리 예정.,"""노상 적치물에 대한 수리 작업을 예정하고 있습니다."""
CCTV 조치 요청됨.,CCTV에 대한 조치 요청을 접수하였습니다.
"대연동 보도블럭 상태 소음 민원, 청소 중.",대연동 일대 보도블럭의 소음 문제에 대해 현장 점검을 진행 중입니다.
사직동 시설 파손 조치 필요.,**공공문체:** 사직동 일대 파손된 시설에 대해 조치를 취할 예정입니다.
명륜동 가로등 고장 관련 확인 실시함.,명륜동 일대 가로등 고장 현황을 확인하였습니다.
"부암동 도로표지판 상태 보도블럭 파손, 확인 중.","부암동 도로표지판 및 보도블럭의 파손 상황을 확인 중입니다.  

(또는)  
부암동 내 도로표지판과 보도블럭이 파손된 점을 조사 중입니다."
화명1동 가로등 고장 확인 완료.,"화명1동 일대의 가로등 고장 현황을 확인하였으며, 관련 조치를 완료하였습니다."
화명1동 횡단보도 수리 완료.,화명1동 일대의 횡단보도에 대한 수리 작업을 완료하였습니다.
"소음 민원 발생, 청소 처리함.",소음 민원이 발생하여 청소 및 정비를 완료하였습니다.
"도색 필요 발생, 계도 처리함.",도색이 필요한 부분에 대해 현장 계도 조치를 완료하였습니다.
화명1동 노상적치물 확인 완료.,화명1동 일대 노상 적치물에 대한 현장 확인을 완료하였습니다.
부암동 계단 청소 완료.,부암동 일대 계단을 대상으로 청소 작업을 완료하였습니다.
부암동 가림막 수리 완료.,부암동 일대 가림막 파손 부분에 대해 수리 작업을 완료하였습니다.
CCTV 계도 요청됨.,"CCTV 설치에 대한 계도를 요청하였습니다.  

(또는)  
CCTV 관련 계도 조치를 요청하였습니다."
사직동 횡단보도 수리 완료.,사직동 일대 횡단보도에 대한 수리 작업을 완료하였습니다.
수정동 가로등 고장 현장 확인 필요.,수정동 일대 가로등 고장 현황을 조사하기 위해 현장 확인을 완료하였습니다.
쓰레기 방치에 대한 계도 요청함.,쓰레기 방치 현장에 대해 계도 조치를 요청하였습니다.
"소음 민원 발생, 확인 처리함.",소음 민원이 발생한 점을 확인하였으며 조치를 완료하였습니다.
"시설 파손 발생, 계도 처리함.",시설물 파손이 발생하여 관련 계도 조치를 완료하였습니다.
"명륜동 도로표지판 상태 불법주차, 민원 접수 중.",명륜동 도로 표지판 주변에서 발생한 불법 주정차 현상에 대해 민원을 접수하였습니다.
온천동 보도블럭 파손 현장 확인 필요.,온천동 일대 보도블럭 파손 현황을 확인하기 위한 조치를 시행하였습니다.
온천동 노상적치물 관련 조치 실시함.,"온천동 노상에 적치된 물품에 대해 현장 점검을 실시하였으며, 관련 조치를 완료하였습니다."
보도블럭 철거 요청됨.,"보도블럭 철거를 위한 신청을 접수하였으며, 관련 절차를 진행 중입니다."
온천동 소음 민원 조치 필요.,온천동 일대에서 발생한 소음 문제에 대해 조치가 필요합니다.
온천동 노상적치물 관련 철거 실시함.,온천동 노상 적치물에 대한 현장 철거 조치를 완료하였습니다.
범일동 펜스 청소 완료.,범일동 일대의 펜스에 대한 청소 작업을 완료하였습니다.
도로표지판 철거 요청됨.,도로 표지판의 철거를 요청하였습니다.
부암동 청소 미흡 관련 청소 실시함.,부암동 일대 청소 미흡 사항에 대하여 현장 점검을 실시하였습니다.
수정동 가로등 고장 조치 필요.,수정동 지역 내 가로등의 고장 사항에 대해 조치가 필요합니다.
"무단투기 발생, 민원 접수 처리함.","무단 투기 행위가 발생하였으며, 해당 민원을 접수 처리하였습니다."
"가로등 고장 발생, 재도색 처리함.",가로등 점멸 현상으로 인해 발생한 고장에 대해 재도색 작업을 완료하였습니다.
부암동 청소 미흡 관련 정비 실시함.,부암동 일대 청소 미흡 사항에 대해 정비 조치를 완료하였습니다.
연산동 노상적치물 조치 필요.,"연산동 일대 노상 적치물에 대한 현장 점검을 실시하였으며, 관련 문제를 신속히 조치하였습니다."
신호등 계도 요청됨.,신호등에 대한 계도 요청을 접수하였습니다.
도색 필요에 대한 계도 요청함.,도색이 필요한 시설에 대해 계도를 요청하였습니다.
연산동 쓰레기 방치 현장 확인 필요.,연산동 일대 쓰레기 방치 현장에 대한 즉시 현장 확인을 완료하였습니다.
불법주차에 대한 철거 요청함.,불법 주정차 차량에 대해 현장에서 철거 조치를 요청하였습니다.
"명륜동 가로등 상태 무단투기, 조치 중.",명륜동 일대의 가로등에 대한 무단 투기 문제에 대해 현장 조치를 진행 중입니다.
쓰레기 방치에 대해 조치 예정.,- 공공문체: 쓰레기 방치 현황에 대해 조치를 취하고자 계획을 수립하였습니다.
보도블럭 정비 요청됨.,보도블럭에 대한 정비를 요청하였습니다.
화명1동 도색 필요 관련 민원 접수 실시함.,"**공공문체:**  
화명1동 일대의 도색이 필요한 사항에 대해 민원 접수를 실시하였습니다."
보도블럭 파손에 대한 조치 요청함.,보도블럭 파손에 대한 조치를 요청하였습니다.
연산동 가로등 고장 현장 확인 필요.,연산동 일대 가로등 고장 사항을 현장 확인하기 위해 조치를 취하였습니다.
온천동 가로등 고장 관련 청소 실시함.,온천동 일대 가로등 고장 현황에 대하여 점검 및 청소 작업을 완료하였습니다.
"연산동 벤치 상태 불법주차, 철거 중.",연산동 일대 벤치의 파손 및 불법 주정차 현황에 대해 조치를 완료하였습니다.
청소 미흡에 대한 수리 요청함.,"""청소가 미흡한 사항에 대해 수리 작업을 요청하였습니다."""
무단투기에 대해 확인 예정.,무단 투기 현황을 조사하여 확인할 예정입니다.
펜스 조치 요청됨.,펜스에 대한 조치를 요청하였습니다.
노상적치물에 대한 수리 요청함.,노상 적치물에 대해 수리를 요청하였습니다.
"화명1동 계단 상태 불법주차, 계도 중.",화명1동 일대 계단 주변 불법 주정차 차량에 대해 현장 계도 조치를 진행 중입니다.
"명륜동 가로등 상태 가로등 고장, 확인 중.",명륜동 일대의 가로등 고장 현황을 확인 중입니다.
"대연동 벤치 상태 노상적치물, 조치 중.","대연동 일대 벤치의 파손 및 노상 적치물에 대해 현장 점검을 실시하였으며, 필요한 조치를 진행 중입니다."
"수정동 횡단보도 상태 도색 필요, 처리 중.","**공공문체:** 수정동 일대 횡단보도에 대한 도색 작업이 필요하다는 내용을 확인하였으며, 현재 관련 절차를 진행 중입니다."
불법주차에 대한 처리 요청함.,불법 주정차 차량에 대해 조치를 요청하였습니다.
노상적치물에 대한 수리 요청함.,노상 적치물에 대해 수리를 요청하였습니다.
벤치 확인 요청됨.,"""공원 내 파손 또는 불편 사항이 발견된 벤치에 대한 현장 확인을 요청하였습니다.""  

(해설: ""벤치 확인 요청됨""을 공식적인 행위 표현으로 바꾸고, 범위를 명확히 하기 위해 ""공원 내""를 추가했습니다. 또한 문장을 자연스럽게 완성하기 위해 ""현장 확인""이라는 구체적인 조치를 명시하였습니다.)"
시설 파손에 대해 수리 예정.,"""파손된 시설에 대해 수리 작업을 진행할 예정입니다."""
화명1동 가로등 고장 조치 완료.,화명1동 일대 가로등 고장에 대한 조치를 완료하였습니다.
도색 필요에 대한 조치 요청함.,도색이 필요한 경우에 대해 조치를 요청하였습니다.
보도블럭 파손에 대해 수리 예정.,보도블럭 파손 사항에 대해 수리 작업을 예정하고 있습니다.
보도블럭 파손에 대한 재도색 요청함.,보도블럭의 파손 부분에 대해 재도색을 요청하였습니다.
"전포동 가로등 상태 무단투기, 계도 중.","**공공문체:** 전포동 일대 무단 투기 쓰레기에 대해 조치를 취하고 있으며, 계도 작업을 진행 중입니다."
노상적치물에 대해 확인 예정.,**공공문체:** 노상 적치물 상황을 확인 중입니다.
부암동 불법주차 현장 확인 필요.,부암동 일대 불법 주정차 차량에 대해 현장 점검을 진행할 예정입니다.
노상적치물에 대해 정비 예정.,노상 적치물에 대한 정비를 추진할 계획입니다.
"가로등 고장 발생, 확인 처리함.","**공공문체:** 가로등 고장 현황을 확인하였으며, 처리를 완료하였습니다.  

(요구사항에 따라 추가적인 설명이나 조치 내용이 필요한 경우 해당 사항을 포함하여 수정할 수 있습니다.)"
보도블럭 파손에 대해 정비 예정.,보도블럭 파손 사항에 대하여 조치를 진행할 예정입니다.
시설 파손에 대해 조치 예정.,시설물 파손에 대한 점검 및 복구 조치를 진행할 예정입니다.
범일동 벤치 조치 완료.,범일동 일대 파손 또는 불편 사항이 있었던 벤치에 대한 조치를 완료하였습니다.
불법주차에 대해 철거 예정.,불법 주정차 차량에 대해 조치를 취하고 있습니다.
화명1동 펜스 처리 완료.,화명1동 일대 파손된 펜스에 대해 현장 점검 및 수리 조치를 완료하였습니다.
"온천동 가로등 상태 보도블럭 파손, 정비 중.","온천동 지역의 가로등 및 보도블럭 파손 사항에 대해 현장 점검을 실시하고 있으며, 필요한 정비를 진행 중입니다."
시설 파손에 대해 청소 예정.,시설물 파손 사항을 확인하여 청소 및 정비를 예정하고 있습니다.
화명1동 무단투기 수리 완료.,**화명1동 무단 투기 지역에 대한 수리 작업을 완료하였습니다.**
명륜동 보도블럭 민원 접수 완료.,명륜동 일대 보도블럭에 대한 민원 접수를 완료하였습니다.
시설 파손에 대한 청소 요청함.,"""파손된 시설에 대해 청소 및 정비를 요청하였습니다."""
사직동 불법주차 현장 확인 필요.,"**공공문체:** 사직동 일대 불법 주정차 현황을 확인하기 위한 조치를 취하였습니다.  

(또는)  
**공공문체:** 사직동에서 불법으로 주정차된 차량에 대한 현장 확인을 진행하였습니다."
횡단보도 정비 요청됨.,횡단보도 정비를 위해 필요한 조치를 요청하였습니다.
부암동 청소 미흡 현장 확인 필요.,부암동 일대 청소 상태를 확인하기 위해 현장 점검을 실시하였습니다.
무단투기에 대한 정비 요청함.,무단 투기 발생지역에 대해 정비 조치를 요청하였습니다.
계단 정비 요청됨.,계단의 정비를 요청하였습니다.
대연동 불법주차 현장 확인 필요.,**답변:** 대연동 일대의 불법 주정차 차량에 대해 현장 확인을 진행하였습니다.
가로등 고장에 대한 재도색 요청함.,가로등의 고장 부분에 대한 재도색을 요청하였습니다.
대연동 시설 파손 관련 처리 실시함.,"""대연동 일대 시설물 파손 사항에 대해 조치를 실시하였습니다."""
"부암동 계단 상태 불법주차, 민원 접수 중.",부암동 일대 계단 주변 불법 주정차에 대해 현장 점검을 완료하였습니다.
펜스 재도색 요청됨.,공원 또는 시설물의 펜스에 대한 재도색을 요청하였습니다.
"가로등 고장 발생, 재도색 처리함.",가로등 불량 현상이 발생하여 해당 가로등에 대한 재도색 작업을 완료하였습니다.
시설 파손에 대해 조치 예정.,"""파손된 시설에 대해 신속한 복구 및 보수 조치를 진행할 예정입니다.""  

(또는)  
""파손된 시설에 대한 수리 및 정비 작업을 계획하고 있습니다."""
가림막 확인 요청됨.,가림막 상태를 점검하기 위해 현장 확인을 요청하였습니다.
화명1동 도색 필요 계도 완료.,화명1동 일대의 도색이 필요한 건물에 대해 현장 계도 조치를 완료하였습니다.
명륜동 불법주차 조치 필요.,명륜동 일대 불법 주정차 차량에 대해 조치가 필요합니다.
펜스 확인 요청됨.,"**공공문체:** 펜스 상태에 대한 현장 확인을 요청하였습니다.  

(또는)  
**공공문체:** 펜스 관련 사항에 대해 현장 점검을 요청하였습니다."
"연산동 신호등 상태 청소 미흡, 수리 중.",**공공문체:** 연산동 신호등의 청소 상태가 미흡하여 수리를 진행하고 있습니다.
"범일동 보도블럭 상태 쓰레기 방치, 재도색 중.",범일동 일대 보도블럭의 쓰레기 방치 현황에 대해 조치를 취하고 있습니다. 현재 재도색 작업을 진행 중입니다.
연산동 쓰레기 방치 조치 필요.,연산동 일대 쓰레기 방치 현황에 대해 조치를 취할 수 있도록 검토 중입니다.
"보도블럭 파손 발생, 수리 처리함.",보도블록 파손 사항을 확인하여 수리 조치를 완료하였습니다.
불법주차에 대해 철거 예정.,불법 주정차 차량에 대한 철거 절차를 진행할 예정입니다.
노상적치물에 대해 확인 예정.,"노상 적치물에 대한 현황을 확인 중입니다.  

(또는)  
노상 적치물 관련 사항을 조사하여 처리할 예정입니다."
가로등 고장에 대한 민원 접수 요청함.,가로등 고장에 대한 민원 접수를 요청하였습니다.
연산동 불법주차 관련 조치 실시함.,연산동 일대 불법 주정차 차량에 대해 현장에서 조치를 실시하였습니다.
"전포동 보도블럭 상태 무단투기, 민원 접수 중.",전포동 보도블럭에 대한 무단 투기 문제를 확인하여 민원 접수 절차를 진행하였습니다.
화명1동 무단투기 처리 완료.,화명1동 일대 무단 투기 현장에 대해 조치를 완료하였습니다.
사직동 노상적치물 조치 필요.,"**공공문체:** 사직동 일대 노상 적치물에 대해 현장 점검을 실시하였으며, 관리 책임자와 협의하여 조치를 완료하였습니다."
온천동 도색 필요 조치 필요.,온천동 일대의 건축물 도색이 필요한 사항에 대해 조치를 취해 드리겠습니다.
화명1동 쓰레기 방치 민원 접수 완료.,**공공문체:** 화명1동 일대 쓰레기 방치 민원을 접수하였습니다.
도로표지판 확인 요청됨.,도로 표지판에 대한 현장 확인을 요청하였습니다.
수정동 보도블럭 파손 조치 필요.,"보도블럭이 파손되어 안전사고 우려가 있으므로, 현장 점검 후 필요한 조치를 시행하였습니다."
사직동 불법주차 조치 필요.,**공공문체:** 사직동 일대 불법 주정차 차량에 대해 조치를 실시하였습니다.
화명1동 보도블럭 파손 수리 완료.,화명1동 일대 보도블럭 파손에 대해 현장 수리를 완료하였습니다.
대연동 불법주차 조치 필요.,"**답변:** 대연동 일대 불법 주정차 차량에 대해 현장 점검을 실시하였으며, 관련 조치를 완료하였습니다."
노상적치물에 대한 확인 요청함.,- 공공문체: 노상 적치물에 대해 현장 확인을 요청하였습니다.
명륜동 무단투기 관련 재도색 실시함.,명륜동 무단 투기 지역의 환경 오염 문제에 대해 재도색 작업을 실시하였습니다.
가림막 민원 접수 요청됨.,가림막 설치 관련 민원을 접수하였습니다.
청소 미흡에 대한 계도 요청함.,"""청소가 미흡한 사항에 대해 계도 조치를 요청하였습니다."""
연산동 무단투기 현장 확인 필요.,연산동 일대 무단 투기 현장에 대한 확인을 요청하였습니다.
CCTV 처리 요청됨.,CCTV 관련 처리 요청을 접수하였습니다.
온천동 무단투기 조치 필요.,온천동 일대 무단 투기 행위에 대해 조치를 취하겠습니다.
가림막 청소 요청됨.,**공공문체:** 가림막을 청소하도록 요청하였습니다.
명륜동 소음 민원 현장 확인 필요.,명륜동에서 제기된 소음 관련 민원에 대하여 현장 점검을 실시하였습니다.
화명1동 청소 미흡 관련 계도 실시함.,**공공문체:** 화명1동 일대 청소 미흡 사항에 대해 현장 계도 조치를 실시하였습니다.
소음 민원에 대한 재도색 요청함.,소음 민원과 관련하여 해당 지역의 재도색을 요청하였습니다.
연산동 보도블럭 파손 현장 확인 필요.,연산동 보도블럭 파손 현장에 대한 확인을 요청하였습니다.
온천동 횡단보도 처리 완료.,온천동 일대 횡단보도에 대한 조치를 완료하였습니다.
"불법주차 발생, 재도색 처리함.",불법 주정차 차량에 대한 재도색 조치를 완료하였습니다.
화명1동 청소 미흡 재도색 완료.,화명1동 일대 청소 미흡 지역에 대한 재도색 작업을 완료하였습니다.
명륜동 도로표지판 계도 완료.,명륜동 도로 표지판에 대한 현장 계도 조치를 완료하였습니다.
부암동 보도블럭 조치 완료.,부암동 일대 보도블럭에 대한 조치를 완료하였습니다.
명륜동 쓰레기 방치 현장 확인 필요.,명륜동 일대 쓰레기 방치 현황을 확인하기 위해 조치를 취하였습니다.
청소 미흡에 대한 처리 요청함.,"**공공문체:** 청소 미흡 사항에 대해 조치를 요청하였습니다.  

(또는)  
**공공문체:** 청소 상태가 불량한 점을 확인하였으며, 해당 사항에 대한 처리를 요청하였습니다.  

- 필요시 추가 설명이나 구체적인 내용이 포함되어야 하는 경우 아래와 같이 수정할 수 있습니다.  
  **공공문체:** 해당 장소의 청소 미흡 사항으로 인해 불편을 끼쳐 죄송합니다. 조치를 요청하였습니다.  

(예시에 따라 적절한 표현으로 대체 가능)"
노상적치물에 대해 수리 예정.,노상에 적치된 물품에 대한 수리 작업을 예정하고 있습니다.
"범일동 횡단보도 상태 노상적치물, 조치 중.",범일동 일대 횡단보도의 노상 적치물에 대해 조치를 진행 중입니다.
화명1동 보도블럭 청소 완료.,"**답변 요약:** 화명1동 보도블럭 청소 완료.  

**공공문체:** 화명1동 일대 보도블럭에 대한 청소 작업을 완료하였습니다."
CCTV 확인 요청됨.,"CCTV 관련 확인을 요청하였습니다.  

(또는)  
CCTV 현황에 대한 확인을 요청하였습니다.  

(또는)  
CCTV 영상 확인을 위하여 요청하였습니다.  

※ 선택 사항에 따라 ""확인을 위해"" 또는 ""요청을 통해"" 등의 표현도 가능합니다."
화명1동 보도블럭 파손 조치 완료.,**공공문체:** 화명1동 일대 보도블럭 파손에 대해 조치를 완료하였습니다.
화명1동 무단투기 재도색 완료.,화명1동 일대 무단 투기된 표지판에 대해 재도색을 완료하였습니다.
노상적치물에 대해 민원 접수 예정.,노상 적치물 관련 민원 접수를 진행할 예정입니다.
명륜동 무단투기 조치 필요.,명륜동 일대 무단 투기 현상에 대해 조치를 취할 필요가 있음을 확인하였습니다.
명륜동 가로등 고장 관련 철거 실시함.,명륜동 일대 가로등 고장에 대한 현장 조사 및 철거 업무를 완료하였습니다.
보도블럭 파손에 대한 확인 요청함.,보도블럭의 파손 사항에 대해 확인을 요청하였습니다.
횡단보도 처리 요청됨.,횡단보도 관련 처리를 요청하였습니다.
명륜동 계단 철거 완료.,명륜동 일대 계단에 대한 철거 작업을 완료하였습니다.
명륜동 보도블럭 파손 현장 확인 필요.,명륜동 일대 보도블럭 파손 현장을 확인할 필요가 있습니다.
"노상적치물 발생, 처리 처리함.","- 공공문체: 노상에 적치된 물품에 대해 현장 확인을 완료하였으며, 관련 조치를 실시하였습니다.  

(해설: ""처리 처리함""을 정리하여 명확한 진행 상황을 전달하고, 부정적인 표현을 피하는 공식적 문체로 수정)"
노상적치물에 대한 재도색 요청함.,노상 적치물에 대한 재도색을 요청하였습니다.
화명1동 청소 미흡 처리 완료.,화명1동 일대 청소 미흡 사항에 대해 조치를 완료하였습니다.
보도블럭 파손에 대한 확인 요청함.,보도블럭 파손 현황을 확인하여 안내 드리겠습니다.
화명1동 소음 민원 조치 완료.,화명1동 일대의 소음 관련 민원에 대해 조치를 완료하였습니다.
화명1동 가로등 고장 정비 완료.,화명1동 일대 고장한 가로등에 대해 정비를 완료하였습니다.
범일동 무단투기 현장 확인 필요.,범일동 무단 투기 현장에 대해 즉시 현장 확인을 진행할 예정입니다.
온천동 펜스 재도색 완료.,온천동 일대 펜스에 대한 재도색 작업을 완료하였습니다.
청소 미흡에 대한 확인 요청함.,"화명1동 일대 청소 미흡 사항에 대하여 현장 점검을 실시하였으며, 필요한 조치를 취할 예정입니다."
온천동 벤치 조치 완료.,온천동 일대 파손된 벤치에 대해 조치를 완료하였습니다.
화명1동 도색 필요 처리 완료.,화명1동 일대의 도색이 필요한 부위에 대한 처리를 완료하였습니다.
청소 미흡에 대한 계도 요청함.,**공공문체:** 청소 미흡한 지역에 대해 계도 조치를 요청하였습니다.
"전포동 도로표지판 상태 무단투기, 조치 중.","**답변 요약:** 전포동 도로 표지판에 무단 투기가 발생하였습니다. 관련 조치를 진행 중입니다.  

(공공기관 회신 문체 적용)  
**공공문체:** 전포동 도로표지판 일부에 무단 투기 현상이 발견되어 관련 조치를 진행하고 있습니다."
"명륜동 CCTV 상태 노상적치물, 계도 중.","명륜동 일대 CCTV 및 노상 적치물 관련 현장 점검을 실시하였으며, 필요한 경우 계도 조치를 진행하였습니다."
쓰레기 방치에 대해 철거 예정.,"**공공문체:**  
쓰레기 무단 방치 현황에 대해 철거를 예정하고 있습니다."
대연동 무단투기 관련 수리 실시함.,"**공공문체:** 대연동 일대 무단 투기 문제에 대해 현장 점검을 실시하였습니다.  

(또는)  
**공공문체:** 대연동에서 발생한 무단 투기 현상에 대한 조치를 완료하였습니다.  

해당 형식으로 공공기관의 공식적인 회신 문체로 자연스럽게 변환되었습니다. 필요에 따라 ""수리""를 ""조치/점검""으로 구분하여 표현할 수 있습니다."
도로표지판 청소 요청됨.,도로표지판에 대한 청소를 요청하였습니다.
CCTV 철거 요청됨.,**공공문체:** CCTV 설치 장소에 대한 철거 요청을 접수하였습니다.
보도블럭 파손에 대해 민원 접수 예정.,보도블럭 파손 사항에 대해 민원 접수를 진행할 예정입니다.
부암동 불법주차 관련 수리 실시함.,부암동 일대 불법 주정차 차량에 대해 현장 조치를 완료하였습니다.
"무단투기 발생, 재도색 처리함.",무단 투기로 인한 벽면 오염이 발생하여 재도색 작업을 완료하였습니다.
명륜동 무단투기 조치 필요.,명륜동 일대 무단 투기 행위에 대해 조치를 취할 계획입니다.
범일동 쓰레기 방치 조치 필요.,범일동 일대 쓰레기 방치 현황에 대해 조치를 취할 예정입니다.
명륜동 쓰레기 방치 현장 확인 필요.,명륜동 일대 쓰레기 방치 현장에 대한 확인을 요청할 예정입니다.
화명1동 가로등 고장 관련 철거 실시함.,**공공문체:** 화명1동 일대 고장 발생한 가로등에 대해 철거 및 복구 작업을 완료하였습니다.
"쓰레기 방치 발생, 민원 접수 처리함.",**공공문체:** 쓰레기 방치 현상이 발생하여 민원 접수 처리를 완료하였습니다.
범일동 계단 계도 완료.,"**공공문체:**  
범일동 일대 계단에 대한 불법 주정차 차량에 대해 현장 계도 조치를 완료하였습니다."
화명1동 소음 민원 조치 완료.,화명1동에서 신고된 소음 민원에 대해 조치를 완료하였습니다.
화명1동 청소 미흡 조치 완료.,화명1동 일대의 청소 미흡 사항에 대해 조치를 완료하였습니다.
화명1동 무단투기 확인 완료.,화명1동 일대 무단 투기 현황을 확인하였습니다.
전포동 도색 필요 관련 계도 실시함.,전포동 일대 도색이 필요한 건물에 대해 계도 조치를 실시하였습니다.
명륜동 보도블럭 파손 현장 확인 필요.,명륜동 보도블럭 파손 현장에 대한 확인을 요청하였습니다.
대연동 보도블럭 파손 현장 확인 필요.,대연동 일대 보도블럭 파손 현장에 대한 점검을 실시하겠습니다.
CCTV 계도 요청됨.,CCTV 설치 또는 운영에 대한 계도 조치를 요청하였습니다.
"전포동 가림막 상태 무단투기, 확인 중.",**공공문체:** 전포동 일대 가림막의 무단 투기 현황에 대해 조사 중입니다.
"온천동 보도블럭 상태 무단투기, 민원 접수 중.",온천동 보도블럭에 대한 무단 투기 사항이 접수되어 조치를 진행하고 있습니다.
보도블럭 파손에 대한 조치 요청함.,보도블럭 파손 사항에 대해 조치를 요청하였습니다.
사직동 노상적치물 관련 철거 실시함.,사직동 일대 노상 적치물에 대해 철거 조치를 완료하였습니다.
연산동 불법주차 현장 확인 필요.,연산동 일대 불법 주정차 차량에 대해 현장 확인을 요청하였습니다.
청소 미흡에 대한 조치 요청함.,**공공문체:** 청소 미흡 사항에 대해 조치를 요청하였습니다.
대연동 보도블럭 파손 관련 민원 접수 실시함.,- 공공문체: 대연동 일대 보도블럭 파손 사항에 대해 민원 접수를 실시하였습니다.
소음 민원에 대해 처리 예정.,소음 민원에 대한 조치를 진행할 예정입니다.
가림막 청소 요청됨.,가림막에 대한 청소를 요청하였습니다.
대연동 시설 파손 조치 필요.,**답변:** 대연동 내 파손된 시설에 대해 조치를 취할 필요성이 확인되었습니다. 관련 절차를 진행중입니다.
계단 조치 요청됨.,계단에 대한 조치를 요청하였습니다.
전포동 시설 파손 조치 필요.,전포동 내 파손된 시설에 대해 즉시 점검하여 필요한 조치를 취하겠습니다.
화명1동 노상적치물 민원 접수 완료.,화명1동 일대 노상 적치물에 대한 민원 접수를 완료하였습니다.
도색 필요에 대해 계도 예정.,도색이 필요한 부분에 대해 계도 조치를 예정하고 있습니다.
화명1동 도색 필요 처리 완료.,화명1동 일대의 도색이 필요한 부분에 대해 정비를 완료하였습니다.
화명1동 노상적치물 조치 필요.,화명1동 일대 노상 적치물에 대해 조치를 필요로 하였습니다.
대연동 가로등 고장 현장 확인 필요.,대연동 일대 가로등의 고장 사항을 확인하였습니다.
수정동 보도블럭 파손 조치 필요.,"**공공문체:**  
수정동 일대 보도블럭 파손에 대해 수리 및 복구 작업을 신속히 진행할 예정입니다."
화명1동 쓰레기 방치 민원 접수 완료.,화명1동 일대에서 발생한 쓰레기 방치 민원을 접수하였습니다.
부암동 쓰레기 방치 현장 확인 필요.,**공공문체:** 부암동에서 쓰레기 방치가 확인된 현장에 대해 조사 및 처리를 진행할 예정입니다.
화명1동 가로등 고장 관련 확인 실시함.,화명1동 일대 가로등 고장 현황을 확인하였습니다.
부암동 노상적치물 조치 필요.,부암동 일대 노상 적치물에 대해 조치를 취할 예정입니다.
명륜동 무단투기 관련 정비 실시함.,명륜동 일대 무단 투기 현장에 대한 정비 조치를 완료하였습니다.
"무단투기 발생, 청소 처리함.",무단 투기 쓰레기에 대해 현장에서 청소 및 처리를 완료하였습니다.
소음 민원에 대해 수리 예정.,소음 민원이 발생한 사례에 대해 수리 및 정비 조치를 예정하고 있습니다.
횡단보도 청소 요청됨.,횡단보도에 대한 청소 요청을 접수하여 조치하였습니다.
수정동 시설 파손 조치 필요.,수정동 내 파손된 시설에 대해 조치를 필요로 합니다.
횡단보도 정비 요청됨.,횡단보도의 정비를 위해 관련 절차를 진행하였습니다.
벤치 재도색 요청됨.,**공공문체:** 공원 내 파손 또는 색상 변색된 벤치에 대해 재도색을 요청하였습니다.
명륜동 횡단보도 민원 접수 완료.,명륜동 일대 횡단보도에 대한 민원 접수를 완료하였습니다.
화명1동 가로등 고장 관련 조치 실시함.,화명1동 일대 가로등 고장 현황에 대해 조치를 시행하였습니다.
쓰레기 방치에 대한 청소 요청함.,쓰레기 방치 현장에 대해 즉시 청소를 요청하였습니다.
청소 미흡에 대한 민원 접수 요청함.,"""청소 미흡한 사항에 대해 민원 접수를 요청하였습니다."""
부암동 쓰레기 방치 관련 계도 실시함.,**답변:** 부암동 일대 쓰레기 방치 현황에 대해 계도 조치를 실시하였습니다.
범일동 소음 민원 현장 확인 필요.,범일동 일대 소음 관련 민원에 대해 현장 확인을 진행할 예정입니다.
"사직동 도로표지판 상태 쓰레기 방치, 재도색 중.",**공공문체:** 사직동 도로표지판에 쓰레기로 인한 상태 저하가 확인되어 재도색을 진행하고 있습니다.
명륜동 도색 필요 조치 필요.,"명륜동 일대 도색이 필요하다는 민원을 접수하여 현장 점검을 실시하였으며, 필요한 조치를 취할 예정입니다."
화명1동 가로등 확인 완료.,화명1동 일대 가로등에 대한 현장 확인을 완료하였습니다.
"온천동 보도블럭 상태 쓰레기 방치, 수리 중.",온천동 일대 보도블럭 내 쓰레기 방치 문제가 확인되어 수리 작업을 진행 중입니다.
횡단보도 청소 요청됨.,횡단보도에 대한 청소 요청을 접수하였습니다.
명륜동 CCTV 조치 완료.,명륜동 일대의 CCTV에 대한 조치를 완료하였습니다.
전포동 노상적치물 현장 확인 필요.,"전포동 노상 적치물에 대해 현장 확인을 요청하였습니다.  

(또는)  
전포동 노상 적치물에 대한 현장 확인 절차를 진행하였습니다."
대연동 CCTV 조치 완료.,대연동 일대 CCTV에 대한 조치를 완료하였습니다.
부암동 도색 필요 조치 필요.,부암동 일대의 도색이 필요한 사항에 대하여 조치를 시행하였습니다.
명륜동 청소 미흡 현장 확인 필요.,명륜동 일대 청소 상태가 미흡하다는 민원을 접수하여 현장 점검을 실시하였습니다.
화명1동 불법주차 조치 완료.,화명1동 일대 불법 주정차 차량에 대해 현장 조치를 완료하였습니다.
화명1동 청소 미흡 처리 완료.,화명1동 일대의 청소 미흡 사항에 대해 조치를 완료하였습니다.
"보도블럭 파손 발생, 재도색 처리함.","보도블럭 파손이 발생하였으나, 해당 부위에 대한 재도색 작업을 완료하였습니다."
"전포동 펜스 상태 쓰레기 방치, 확인 중.",전포동 일대 펜스 내부에서 쓰레기 방치 현상이 발견되어 조사 중입니다.
청소 미흡에 대해 계도 예정.,"""청소 미흡한 사항에 대해 계도 조치를 예정하고 있습니다."""
청소 미흡에 대해 재도색 예정.,"""청소 미흡한 부분에 대해 재도색을 실시할 예정입니다."""
불법주차에 대한 철거 요청함.,불법 주정차 차량에 대해 철거 조치를 요청하였습니다.
전포동 가림막 확인 완료.,"전포동 일대의 가림막 상태를 현장 확인하였으며, 결과를 보고하였습니다."
"수정동 도로표지판 상태 쓰레기 방치, 처리 중.","도로표지판 주변에 쓰레기가 방치되어 있는 것으로 확인되었으며, 해당 사항을 처리 중입니다."
"불법주차 발생, 조치 처리함.","불법 주정차 차량이 발생하였으나, 현장에서 즉시 조치를 취하여 처리하였습니다."
"소음 민원 발생, 청소 처리함.",소음 민원이 발생한 사례에 대해 현장 조사 후 청소 및 정화 작업을 완료하였습니다.
"연산동 횡단보도 상태 보도블럭 파손, 정비 중.",연산동 일대의 횡단보도 내 보도블럭이 파손되어 정비 중입니다.
화명1동 보도블럭 파손 현장 확인 필요.,화명1동 일대 보도블럭의 파손 사항을 확인할 수 있는 현장에 대해 조치를 진행하였습니다.
대연동 무단투기 조치 필요.,대연동 일대 무단 투기 현장에 대한 조치를 추진할 예정입니다.
화명1동 소음 민원 재도색 완료.,화명1동 소음 관련 민원으로 인한 재도색 작업을 완료하였습니다.
화명1동 쓰레기 방치 철거 완료.,화명1동 일대 쓰레기 방치 현장에 대해 철거 조치를 완료하였습니다.
부암동 노상적치물 조치 필요.,"부암동 일대 노상 적치물에 대해 현장 점검을 실시하였으며, 필요한 조치를 완료하였습니다."
가로등 고장에 대해 철거 예정.,가로등 고장에 대한 철거 작업을 예정하고 있습니다.
청소 미흡에 대해 청소 예정.,화명1동 일대 쓰레기 및 환경 정비에 대한 조치를 진행중입니다.
사직동 시설 파손 관련 청소 실시함.,사직동 일대의 파손된 시설에 대해 현장 청소 및 정비를 완료하였습니다.
"도색 필요 발생, 재도색 처리함.",도색이 필요한 부분에 대해 재도색 작업을 완료하였습니다.
가로등 수리 요청됨.,가로등 수리 요청을 접수하였습니다.
화명1동 도색 필요 민원 접수 완료.,화명1동 일대의 도색이 필요한 민원을 접수하였습니다.
"도색 필요 발생, 청소 처리함.",도색이 필요한 부분에 대해 청소 및 정비를 완료하였습니다.
연산동 보도블럭 파손 관련 재도색 실시함.,연산동 보도블럭의 파손 부위에 대해 재도색을 완료하였습니다.
화명1동 보도블럭 파손 확인 완료.,화명1동 일대 보도블럭의 파손 상황을 현장 점검하여 확인하였습니다.
사직동 쓰레기 방치 현장 확인 필요.,**공공문체:** 사직동 일대 쓰레기 방치 현장을 확인하기 위해 조치를 취하였습니다.
쓰레기 방치에 대해 청소 예정.,- 공공문체: 쓰레기 방치 현황에 대해 청소 조치를 예정하였습니다.
시설 파손에 대한 확인 요청함.,시설물 파손 상황을 확인하기 위해 조사 및 처리 절차를 진행하였습니다.
"연산동 보도블럭 상태 불법주차, 재도색 중.",연산동 일대 보도블럭의 상태 및 불법 주정차 현황에 대해 재도색 공사를 진행 중입니다.
"부암동 계단 상태 소음 민원, 청소 중.","부암동 일대 계단의 소음 관련 민원을 접수하였으며, 현장 점검 및 청소 작업을 진행 중입니다."
전포동 불법주차 관련 처리 실시함.,전포동 일대 불법 주정차 차량에 대해 현장 점검 및 조치를 완료하였습니다.
화명1동 노상적치물 재도색 완료.,**화명1동 노상 적치물에 대한 재도색을 완료하였습니다.**
명륜동 보도블럭 처리 완료.,명륜동 일대 보도블럭에 대한 현장 점검 및 정비를 완료하였습니다.
가로등 고장에 대해 재도색 예정.,가로등 점멸 현상으로 인한 고장에 대해 재도색 작업을 예정하고 있습니다.
시설 파손에 대한 청소 요청함.,시설물 파손에 따른 청소 업무를 요청하였습니다.
연산동 벤치 조치 완료.,연산동 일대 파손된 벤치에 대해 현장 점검 및 수리 조치를 완료하였습니다.
화명1동 도색 필요 계도 완료.,화명1동 일대 도색이 필요한 건물에 대해 현장 계도 조치를 완료하였습니다.
청소 미흡에 대해 확인 예정.,**공공문체:** 청소 미흡 사항에 대해 조사 및 확인을 진행할 예정입니다.
"쓰레기 방치 발생, 계도 처리함.",- 공공문체: 해당 지역에서 발생한 쓰레기 방치에 대해 현장 계도 조치를 완료하였습니다.
화명1동 가로등 고장 청소 완료.,화명1동 일대의 가로등 고장에 대한 청소 작업을 완료하였습니다.
"온천동 신호등 상태 노상적치물, 확인 중.",온천동 신호등 및 노상 적치물 현황을 조사 중입니다.
무단투기에 대해 계도 예정.,무단 투기 현장에 대해 계도 조치를 준비하고 있습니다.
사직동 쓰레기 방치 조치 필요.,"**공공문체:**  
사직동 일대 쓰레기 방치 현황에 대해 조치를 취할 예정입니다."
가로등 수리 요청됨.,"가로등에 대한 수리 신고를 접수하였으며, 관련 점검 및 복구 작업을 진행 중입니다."
대연동 보도블럭 파손 현장 확인 필요.,**답변:** 대연동 보도블럭 파손 현장에 대해 즉시 확인 조치를 취하였습니다.
"무단투기 발생, 철거 처리함.",무단 투기된 쓰레기에 대해 현장에서 철거 및 처리 조치를 완료하였습니다.
"부암동 도로표지판 상태 청소 미흡, 철거 중.",부암동 도로 표지판의 청소 상태가 미흡하여 철거 조치를 진행 중입니다.
"시설 파손 발생, 청소 처리함.",시설물 파손이 발생하여 청소 및 복구 작업을 완료하였습니다.
"쓰레기 방치 발생, 철거 처리함.",**공공문체:** 쓰레기 방치 현상이 발생하여 철거 처리를 완료하였습니다.
"시설 파손 발생, 재도색 처리함.",공원 내 파손된 시설에 대해 재도색 작업을 완료하였습니다.
신호등 민원 접수 요청됨.,신호등 관련 민원 접수를 요청하였습니다.
온천동 불법주차 현장 확인 필요.,온천동 일대의 불법 주정차 현황을 확인할 필요가 있습니다.
벤치 조치 요청됨.,공원 내 파손된 벤치에 대해 조치를 요청하였습니다.
청소 미흡에 대한 수리 요청함.,"""청소가 미흡한 부분에 대해서 수리 요청을 처리하였습니다."""
범일동 무단투기 현장 확인 필요.,범일동 일대 무단 투기 현장에 대한 추가 확인이 필요합니다.
범일동 소음 민원 조치 필요.,범일동에서 발생한 소음 민원에 대해 조치가 필요합니다.
사직동 가로등 고장 관련 민원 접수 실시함.,**공공문체:** 사직동 일대 가로등 고장에 대한 민원 접수를 실시하였습니다.
온천동 쓰레기 방치 조치 필요.,온천동 일대 쓰레기 무단 방치에 대해 조치를 취하겠습니다.
"온천동 신호등 상태 쓰레기 방치, 계도 중.","온천동 신호등 부근에서 발견된 쓰레기 문제에 대해 현장 조사 후 계도 조치를 취하고 있습니다.  

(또는)  
온천동 신호등 주변에서 발생한 쓰레기 방치 사태에 대해 즉시 현장 점검을 실시하였으며, 해당사항에 대한 계도 작업을 완료하였습니다."
화명1동 노상적치물 민원 접수 완료.,**공공문체:** 화명1동 일대 노상 적치물에 대한 민원 접수를 완료하였습니다.
화명1동 불법주차 확인 완료.,화명1동 일대 불법 주정차 현황을 확인하였습니다.
"온천동 벤치 상태 소음 민원, 민원 접수 중.",온천동 일대의 벤치 상태와 관련된 소음 민원을 접수하였습니다.
"부암동 계단 상태 보도블럭 파손, 정비 중.",부암동 일대 계단 및 보도블럭의 파손 사항에 대해 정비 작업을 진행 중입니다.
부암동 시설 파손 관련 계도 실시함.,**공공문체:** 부암동 내 파손된 시설에 대해 현장 계도 조치를 완료하였습니다.
화명1동 노상적치물 관련 계도 실시함.,**화명1동 일대 노상 적치물에 대해 현장 계도 조치를 실시하였습니다.**
대연동 불법주차 현장 확인 필요.,**공공문체:** 대연동 일대 불법 주정차 차량에 대해 현장 확인 절차를 진행하였습니다.
연산동 가로등 고장 현장 확인 필요.,연산동 일대 가로등 고장에 대한 현장 확인을 실시하겠습니다.
"무단투기 발생, 정비 처리함.",무단 투기 현상이 발생한 사례에 대해 즉시 정비 조치를 완료하였습니다.
수정동 가림막 재도색 완료.,수정동 일대의 가림막에 대한 재도색을 완료하였습니다.
명륜동 벤치 확인 완료.,명륜동 내 설치된 벤치 상태를 현장 확인한 결과 완료하였습니다.
"청소 미흡 발생, 정비 처리함.","""해당 지역의 청소 미흡 사항이 발생하였으나, 이미 정비 및 처리를 완료하였습니다."""
가림막 청소 요청됨.,가림막에 대한 청소를 요청하였습니다.
시설 파손에 대해 계도 예정.,공원 내 파손된 시설에 대해 계도 조치를 예정하였습니다.
"소음 민원 발생, 민원 접수 처리함.",**공공문체:** 소음 관련 민원이 발생하여 접수 및 처리를 완료하였습니다.
연산동 가로등 고장 조치 필요.,연산동 일대 가로등 고장에 대해 조치를 요청하였습니다.
화명1동 불법주차 수리 완료.,화명1동 일대 불법 주정차 차량에 대한 현장 수리 조치를 완료하였습니다.
화명1동 보도블럭 파손 계도 완료.,화명1동 일대 보도블럭 파손 현황에 대해 현장 계도 조치를 완료하였습니다.
소음 민원에 대해 확인 예정.,소음 민원에 대한 현황을 확인 중입니다.
"부암동 횡단보도 상태 보도블럭 파손, 계도 중.","부암동 일대 횡단보도의 보도블럭 파손에 대해 현장 점검을 완료하였으며, 필요한 계도 조치를 진행 중입니다."
가로등 확인 요청됨.,**공공문체:** 가로등 상태에 대한 확인을 요청받았습니다.
가림막 조치 요청됨.,가림막 설치에 대한 신고를 접수하여 조치를 요청하였습니다.
대연동 불법주차 관련 정비 실시함.,대연동 일대 불법 주정차 차량에 대해 현장 정비 조치를 완료하였습니다.
범일동 청소 미흡 현장 확인 필요.,"""범일동 일대의 청소 미흡 상황을 현장에서 확인할 예정입니다."""
청소 미흡에 대한 확인 요청함.,"**공공문체:**  
해당 지역의 청소 상태에 대해 확인을 요청하였습니다."
"부암동 가림막 상태 불법주차, 재도색 중.",부암동 일대의 가림막 주변에 발생한 불법 주정차 차량에 대해 현장 계도 및 재도색 작업을 진행 중입니다.
시설 파손에 대해 계도 예정.,**공공문체:** 시설물 파손에 대한 계도 조치를 예정하고 있습니다.
부암동 보도블럭 청소 완료.,부암동 보도블럭에 대한 청소 작업을 완료하였습니다.
화명1동 소음 민원 재도색 완료.,- 공공문체: 화명1동 일대 소음 민원 사유로 인한 재도색 작업을 완료하였습니다.
수정동 무단투기 현장 확인 필요.,수정동 무단 투기 현장에 대한 확인 절차를 진행할 예정입니다.
"범일동 횡단보도 상태 시설 파손, 계도 중.","범일동 일대의 횡단보도 시설물에 대해 파손 상황을 확인하였으며, 현장 계도 조치를 완료하였습니다."
보도블럭 파손에 대해 정비 예정.,보도블럭 파손에 대해 정비를 계획하고 있습니다.
"쓰레기 방치 발생, 정비 처리함.",쓰레기 방치 현황이 발생하여 조치를 취하였음을 알려드립니다.
가로등 재도색 요청됨.,가로등에 대한 재도색을 요청하였습니다.
"전포동 CCTV 상태 쓰레기 방치, 재도색 중.","**공공문체:**  
전포동 일대 CCTV에 대한 쓰레기 방치 문제와 관련된 점검을 실시하였으며, 필요한 경우 재도색 작업을 진행할 예정입니다."
"범일동 보도블럭 상태 소음 민원, 수리 중.",범일동 일대 보도블럭의 상태에 따른 소음 문제에 대해 수리 작업을 진행 중입니다.
"가로등 고장 발생, 수리 처리함.","가로등 고장 현상이 발생하여 수리 조치를 완료하였습니다.  

(또는)  
고장이 확인된 가로등에 대해 수리 작업을 완료하였습니다."
"온천동 가로등 상태 무단투기, 조치 중.",온천동 일대 무단 투기된 쓰레기에 대해 가로등 점검 및 정비를 진행하고 있습니다.
범일동 시설 파손 현장 확인 필요.,범일동 내 시설물 파손 사항을 확인하기 위한 현장 점검을 실시하였습니다.
수정동 도색 필요 관련 처리 실시함.,수정동 일대 도색이 필요한 부분에 대해 정비 및 재도색 작업을 완료하였습니다.
"연산동 CCTV 상태 시설 파손, 철거 중.",연산동 일대의 CCTV 설치시설이 파손되어 해당 시설을 철거 중에 있습니다.
쓰레기 방치에 대해 조치 예정.,쓰레기 방치 현장에 대한 조치를 준비 중입니다.
연산동 펜스 조치 완료.,연산동 일대 펜스에 대한 무단 설치 및 안전 문제에 대해 조치를 완료하였습니다.
"수정동 보도블럭 상태 무단투기, 계도 중.",**공공문체:** 수정동 일대 보도블럭에 무단 투기가 확인되어 현장 계도 조치를 진행 중입니다.
전포동 벤치 민원 접수 완료.,전포동 일대 공원 내 파손 또는 불편사항이 있는 벤치에 대해 민원을 접수하였습니다.
도로표지판 조치 요청됨.,도로 표지판에 대한 조치를 요청하였습니다.
연산동 불법주차 관련 수리 실시함.,연산동 일대 불법 주정차 차량에 대해 현장 점검을 실시하였습니다.
화명1동 노상적치물 확인 완료.,화명1동 일대 노상 적치물에 대한 현장 점검을 완료하였습니다.
노상적치물에 대해 조치 예정.,노상에 적치된 물품에 대해 조치를 준비하고 있습니다.
"부암동 신호등 상태 시설 파손, 철거 중.",부암동 신호등의 파손 사항에 대하여 관련 부서와 협조하여 수리 및 철거 작업을 진행하고 있습니다.
소음 민원에 대한 철거 요청함.,소음 민원에 대해 관련 시설물 철거를 요청하였습니다.
범일동 가로등 고장 조치 필요.,범일동 일대의 가로등 고장에 대해 조치가 필요합니다.
노상적치물에 대해 철거 예정.,"**공공문체:**  
노상 적치물에 대해 철거 작업을 예정하고 있습니다."
가로등 민원 접수 요청됨.,가로등 관련 민원을 접수 처리하였습니다.
"쓰레기 방치 발생, 철거 처리함.",쓰레기 방치 현황이 확인되어 해당 장소에서 철거 처리를 완료하였습니다.
CCTV 철거 요청됨.,CCTV 설치 장소 변경을 위해 해당 CCTV를 철거하는 절차를 진행하고 있습니다.
"연산동 횡단보도 상태 쓰레기 방치, 조치 중.",연산동 일대 횡단보도 주변에 방치된 쓰레기에 대해 현장 조치를 진행 중입니다.
소음 민원에 대해 청소 예정.,소음 민원 발생 사례에 대해 청소를 예정하였습니다.
사직동 시설 파손 관련 민원 접수 실시함.,**공공문체:** 사직동 내 시설물의 파손 사항에 대해 민원 접수를 실시하였습니다.
수정동 소음 민원 조치 필요.,**공공문체:** 수정동에서 발생한 소음 민원에 대해 조치가 필요합니다.
부암동 도색 필요 현장 확인 필요.,"부암동 일대 도색이 필요한 건물에 대한 현장 확인을 실시하였습니다.  

(또는)  
부암동 일대 도색이 필요한 건물에 대해 현장 확인을 완료하였습니다."
화명1동 시설 파손 조치 완료.,화명1동의 파손된 시설에 대해 조치를 완료하였습니다.
"명륜동 벤치 상태 가로등 고장, 확인 중.",명륜동 일대 벤치 및 가로등 상태에 대해 현장 점검을 진행하고 있습니다.
"전포동 계단 상태 시설 파손, 철거 중.",전포동 계단 시설물의 파손 상태를 확인하여 철거 및 복구 작업을 진행하였습니다.
화명1동 무단투기 조치 필요.,화명1동 일대 무단 투기 행위에 대해 조치를 취할 필요가 있습니다.
화명1동 도색 필요 현장 확인 필요.,**공공문체:** 화명1동 일대 도색이 필요한 장소에 대해 현장 확인을 진행하였습니다.
"부암동 횡단보도 상태 쓰레기 방치, 수리 중.","부암동 일대의 횡단보도에 쌓인 쓰레기에 대해 현장 점검을 실시하였으며, 관련 수리 작업을 진행 중입니다."
화명1동 쓰레기 방치 정비 완료.,화명1동 일대 쓰레기 방치 현장에 대해 정비를 완료하였습니다.
"부암동 CCTV 상태 가로등 고장, 처리 중.","부암동 CCTV 및 가로등 상태 점검을 위해 현장 확인을 진행하였으며, 고장 복구를 위한 조치를 취하고 있습니다."
가로등 고장에 대한 계도 요청함.,"가로등 점멸 현상으로 인한 안전 문제 발생 시, 해당 지점에 대한 계도 및 복구 조치를 요청하였습니다."
도색 필요에 대해 확인 예정.,도색이 필요한 사항에 대해 현장 조사 및 확인을 진행할 예정입니다.
쓰레기 방치에 대해 정비 예정.,쓰레기 방치 현장에 대해 정비를 예정하고 있습니다.
보도블럭 파손에 대해 처리 예정.,보도블록 파손에 대한 복구 작업을 추진 중입니다.
무단투기에 대해 철거 예정.,무단 투기 현장에 대한 철거 조치를 예정하고 있습니다.
화명1동 청소 미흡 청소 완료.,화명1동 일대 청소 미흡 사항에 대해 현장 확인을 거쳐 청소를 완료하였습니다.
쓰레기 방치에 대해 조치 예정.,**공공문체:** 쓰레기 방치 현황에 대해 조치를 진행할 예정입니다.
전포동 보도블럭 파손 관련 재도색 실시함.,전포동 일대 보도블럭의 파손 부분에 대한 재도색 작업을 완료하였습니다.
전포동 노상적치물 현장 확인 필요.,전포동 일대의 노상 적치물에 대해 현장 확인을 실시하였습니다.
노상적치물에 대해 청소 예정.,노상에 적치된 물품에 대해 정비를 실시할 예정입니다.
가로등 계도 요청됨.,가로등에 대한 계도 요청을 접수하였습니다.
횡단보도 처리 요청됨.,횡단보도 관련 처리를 요청하였습니다.
펜스 수리 요청됨.,펜스(울타리)의 파손 사항에 대해 수리를 요청하였습니다.
수정동 무단투기 조치 필요.,수정동 일대 무단 투기 현상에 대해 조치를 취할 예정입니다.
부암동 도로표지판 수리 완료.,부암동 도로 표지판에 대한 수리 작업을 완료하였습니다.
"명륜동 횡단보도 상태 시설 파손, 계도 중.","명륜동 일대 횡단보도에 대한 시설물 파손 상황을 확인하였으며, 현장 점검 및 안전 관리 조치를 진행하고 있습니다."
화명1동 무단투기 조치 필요.,화명1동 일대 무단 투기 현장에 대한 조치를 검토하고 있습니다. 필요한 경우 즉시 처리할 예정입니다.
"부암동 가로등 상태 불법주차, 계도 중.",부암동 일대 가로등 및 불법 주정차 차량에 대해 현장 계도 조치를 진행 중입니다.
대연동 청소 미흡 현장 확인 필요.,대연동 일대의 청소 상태에 대한 현장 확인이 필요합니다.
명륜동 시설 파손 관련 재도색 실시함.,명륜동 일대 파손된 시설물에 대해 재도색 작업을 실시하였습니다.
사직동 시설 파손 조치 필요.,사직동 일대 파손된 시설에 대해 조치를 요청하였습니다.
노상적치물에 대해 확인 예정.,노상 적치물에 대한 현장 확인을 진행할 예정입니다.
명륜동 무단투기 조치 필요.,명륜동 무단 투기 현장에 대한 조치가 필요하다는 내용을 확인하였습니다. 관련 사항에 대해 즉시 조치를 취하도록 하겠습니다.
"도색 필요 발생, 민원 접수 처리함.",도색이 필요한 장소에 대한 민원을 접수 처리하였습니다.
보도블럭 처리 요청됨.,보도블럭에 대한 처리를 요청하였습니다.
도색 필요에 대한 재도색 요청함.,**공공문체:** 도색이 필요한 시설물에 대해 재도색을 요청하였습니다.
"시설 파손 발생, 정비 처리함.","시설물 파손이 발생하였으나, 해당 사항을 확인하여 정비 및 복구 작업을 완료하였습니다."
신호등 수리 요청됨.,신호등에 대한 수리를 요청하였습니다.
계단 계도 요청됨.,**공공문체:** 해당 지역의 계단 주변 불법 주정차 차량에 대해 현장 계도 조치를 요청하였습니다.
전포동 무단투기 현장 확인 필요.,전포동 일대 무단 투기 현장에 대한 즉시 현장 확인을 진행하였습니다.
화명1동 쓰레기 방치 수리 완료.,"화명1동 일대 쓰레기 방치 문제에 대해 현장 점검을 실시하였으며, 관련 수리를 완료하였습니다."
노상적치물에 대해 재도색 예정.,**공공문체:** 노상에 적치된 물품에 대한 재도색 작업을 예정하고 있습니다.
명륜동 가로등 고장 조치 필요.,"명륜동 일대 가로등에 대한 점검을 실시하였으며, 파손 및 불량 사항에 대해 신속히 복구 조치를 완료하였습니다."
"연산동 신호등 상태 도색 필요, 확인 중.",연산동 위치 신호등의 상태 도색이 필요하다는 점을 확인하고 있습니다.
가로등 고장에 대한 민원 접수 요청함.,가로등 고장에 대한 민원 접수를 요청하였습니다.
무단투기에 대한 계도 요청함.,무단 투기 행위에 대해 현장 계도 조치를 요청하였습니다.
화명1동 보도블럭 파손 재도색 완료.,화명1동 일대 보도블럭의 파손 부분에 대해 재도색을 완료하였습니다.
화명1동 쓰레기 방치 재도색 완료.,화명1동 일대 쓰레기 방치 지역에 대한 재도색 작업을 완료하였습니다.
화명1동 쓰레기 방치 수리 완료.,**화명1동 일대 쓰레기 방치 현장에 대해 수리 및 정비를 완료하였습니다.**
명륜동 노상적치물 현장 확인 필요.,명륜동 일대 노상 적치물에 대한 현장 확인 절차를 진행할 예정입니다.
가로등 고장에 대해 확인 예정.,가로등 고장 상황을 조사하여 확인할 예정입니다.
불법주차에 대한 철거 요청함.,불법 주정차 차량에 대해 현장에서 철거 조치를 요청하였습니다.
온천동 청소 미흡 현장 확인 필요.,"**공공기관 답변 문체:**  
온천동 일대 청소 상태에 대한 현장 점검이 필요합니다."
수정동 시설 파손 조치 필요.,수정동 일대의 시설물 파손 사항에 대해 조치를 취할 예정입니다.
대연동 불법주차 현장 확인 필요.,대연동 일대 불법 주정차 차량에 대한 현장 확인 절차를 진행하였습니다.
명륜동 쓰레기 방치 현장 확인 필요.,명륜동 일대 쓰레기 방치 현장을 확인할 필요가 있는 사항입니다.
"시설 파손 발생, 처리 처리함.",시설이 파손되어 발생한 문제에 대해 조치를 완료하였습니다.
가로등 고장에 대해 확인 예정.,**공공문체:** 가로등 고장 사항을 확인할 예정입니다.
연산동 소음 민원 조치 필요.,연산동 일대에서 발생한 소음 민원에 대해 조치가 필요합니다.
노상적치물에 대해 정비 예정.,**공공문체:** 노상 적치물에 대해 정비를 예정하고 있습니다.
보도블럭 파손에 대해 처리 예정.,보도블럭 파손 사항에 대해 조치를 진행 중입니다.
연산동 가로등 고장 조치 필요.,연산동 일대 가로등 고장에 대해 조치가 필요합니다.
펜스 청소 요청됨.,펜스에 대한 청소를 요청하였습니다.
보도블럭 정비 요청됨.,보도블럭에 대한 정비를 요청하였습니다.
계단 철거 요청됨.,"""계단 철거에 대한 신고를 접수하였으며, 현장 확인 후 필요한 절차를 진행하겠습니다."""
명륜동 도색 필요 현장 확인 필요.,명륜동 일대 도색이 필요한 부분을 현장 점검하여 확인하였습니다.
계단 청소 요청됨.,계단 청소에 대한 조치를 요청하였습니다.
연산동 청소 미흡 조치 필요.,연산동 일대 청소 미흡 사항에 대해 조치를 요청하였습니다.
계단 민원 접수 요청됨.,계단 관련 민원 접수가 이루어졌습니다.
"쓰레기 방치 발생, 철거 처리함.","**공공문체:**  
해당 지역에서 발생한 쓰레기 방치에 대해 현장 조사 후 철거 처리를 완료하였습니다."
"쓰레기 방치 발생, 재도색 처리함.","쓰레기 무단 방치 현황을 확인하였으며, 해당 부위에 대한 재도색 작업을 완료하였습니다."
청소 미흡에 대해 청소 예정.,화명1동 일대 청소 미흡한 사항에 대해 조치를 예정하고 있습니다.
전포동 무단투기 조치 필요.,전포동 일대 무단 투기 쓰레기에 대해 조치를 신속히 진행하겠습니다.
범일동 쓰레기 방치 조치 필요.,범일동 일대 쓰레기 방치 현황에 대해 조치를 취할 예정입니다.
수정동 무단투기 관련 재도색 실시함.,**공공문체:** 수정동 일대 무단 투기 지역에 대한 재도색 조치를 완료하였습니다.
범일동 쓰레기 방치 조치 필요.,범일동 일대 쓰레기 방치 현황에 대해 조치를 신속히 취하였습니다.
보도블럭 정비 요청됨.,보도블럭의 정비를 요청하였습니다.
온천동 횡단보도 처리 완료.,온천동 일대 횡단보도에 대한 조치를 완료하였습니다.
"시설 파손 발생, 조치 처리함.","""시설물 파손 사항을 확인하여 관련 조치를 완료하였습니다."""
전포동 무단투기 현장 확인 필요.,전포동 일대 무단 투기 현장에 대한 점검을 실시할 예정입니다.
대연동 불법주차 관련 수리 실시함.,대연동 일대 불법 주정차 차량에 대해 현장 계도 및 조치를 완료하였습니다.
"불법주차 발생, 청소 처리함.",불법 주정차 차량에 대해 현장 청소 및 정비를 완료하였습니다.
"소음 민원 발생, 정비 처리함.",소음 민원이 발생한 점을 확인하여 관련 정비를 완료하였습니다.
가로등 고장에 대해 처리 예정.,가로등 고장 현장에 대해 조치를 진행할 예정입니다.
화명1동 도색 필요 처리 완료.,화명1동 일대 도색이 필요한 지역에 대해 현장 조치를 완료하였습니다.
쓰레기 방치에 대한 확인 요청함.,- 공공문체: 쓰레기 방치 현황을 확인하기 위해 조치를 취하였습니다.
보도블럭 파손에 대한 처리 요청함.,보도블럭 파손에 대해서 처리를 요청하였습니다.
"화명1동 보도블럭 상태 무단투기, 재도색 중.",화명1동 일대 보도블럭의 상태를 점검한 결과 무단 투기 및 색상 흡착으로 인한 재도색 작업을 진행 중입니다.
불법주차에 대해 정비 예정.,불법 주정차 차량에 대해 조치를 취하고자 정비 계획을 수립하였습니다.
"범일동 보도블럭 상태 무단투기, 수리 중.",범일동 일대 보도블럭의 무단 투기 문제에 대해 수리 작업을 진행 중입니다.
수정동 시설 파손 관련 재도색 실시함.,"**공공문체:** 수정동 일대 파손된 시설물에 대해 재도색을 실시하였습니다.  

(해당 내용은 공공기관의 표준적인 회신 형식으로 작성되었으며, 불필요한 인사말이나 과장된 표현 없이 간결하게 문구를 구성하였습니다.)"
대연동 벤치 확인 완료.,대연동 내 설치된 벤치에 대한 현장 확인을 완료하였습니다.
온천동 도색 필요 관련 조치 실시함.,온천동 일대 건물의 도색이 필요한 사항에 대해 조치를 실시하였습니다.
가림막 수리 요청됨.,가림막의 파손 상태를 확인하여 수리 작업을 요청하였습니다.
수정동 가로등 고장 관련 처리 실시함.,수정동 일대 가로등에 대한 고장 점검 및 복구 작업을 완료하였습니다.
사직동 노상적치물 조치 필요.,**공공문체:** 사직동 일대 노상 적치물에 대해 조치를 진행할 예정입니다.
도색 필요에 대한 계도 요청함.,도색이 필요한 경우에 대해 현장 계도 조치를 요청하였습니다.
명륜동 노상적치물 관련 계도 실시함.,명륜동 일대 노상 적치물에 대해 계도 조치를 실시하였습니다.
계단 재도색 요청됨.,계단의 재도색을 요청하였습니다.
사직동 무단투기 현장 확인 필요.,사직동 무단 투기 현장에 대한 확인을 요청하였습니다.
펜스 계도 요청됨.,펜스에 대한 계도를 요청하였습니다.
도로표지판 정비 요청됨.,도로 표지판에 대한 정비를 요청하였습니다.
사직동 보도블럭 파손 관련 정비 실시함.,**공공문체:** 사직동 일대 보도블럭 파손에 대해 정비 작업을 실시하였습니다.
신호등 수리 요청됨.,신호등 파손 또는 고장이 확인되어 수리 절차를 신청하였습니다.
"청소 미흡 발생, 정비 처리함.","""청소가 미흡한 상황이 발생하여 정비를 완료하였습니다."""
"보도블럭 파손 발생, 확인 처리함.","보도블럭 파손 현황을 확인하였으며, 관련 절차를 진행하였습니다."
보도블럭 철거 요청됨.,보도블럭 철거를 요청한 사항에 대해 조치를 완료하였습니다.
명륜동 무단투기 조치 필요.,명륜동 일대 무단 투기 현상에 대해 조치를 취할 계획입니다.
무단투기에 대한 확인 요청함.,무단 투기 현황을 확인하기 위한 요청을 접수하였습니다.
가로등 민원 접수 요청됨.,**공공문체:** 가로등 관련 민원 접수를 요청하였습니다.
화명1동 청소 미흡 재도색 완료.,화명1동 일대 청소 미흡으로 인한 벽면에 대해 재도색을 완료하였습니다.
범일동 계단 철거 완료.,범일동 일대 계단에 대한 철거 작업을 완료하였습니다.
명륜동 펜스 재도색 완료.,명륜동 일대 펜스에 대한 재도색 작업을 완료하였습니다.
온천동 쓰레기 방치 조치 필요.,온천동 일대 쓰레기 방치 현상에 대해 조치를 취할 예정입니다.
범일동 청소 미흡 현장 확인 필요.,범일동 일대의 청소 미흡한 부분에 대한 현장 확인을 실시하였습니다.
소음 민원에 대해 정비 예정.,소음 민원이 접수된 장소에 대해 정비를 진행할 예정입니다.
부암동 청소 미흡 관련 청소 실시함.,부암동 일대 청소 미흡 사항에 대해 현장 확인을 거쳐 청소 작업을 실시하였습니다.
"사직동 신호등 상태 소음 민원, 수리 중.","**공공문체:**  
사직동 일대 신호등의 소음 문제에 대해 점검을 실시하였으며, 현재 관련 수리 작업을 진행 중입니다."
연산동 쓰레기 방치 현장 확인 필요.,연산동 일대 쓰레기 방치 현황을 확인할 예정입니다.
명륜동 보도블럭 파손 조치 필요.,명륜동 일대 보도블럭 파손에 대해 신속한 점검 및 수리 조치를 진행할 예정입니다.
연산동 가로등 고장 관련 확인 실시함.,연산동 일대 가로등 고장 사항에 대해 현장 확인 조치를 실시하였습니다.
신호등 재도색 요청됨.,"""신호등 재도색을 요청받았습니다."""
시설 파손에 대해 계도 예정.,공원 내 파손된 시설에 대해 현장 계도 조치를 예정하고 있습니다.
횡단보도 처리 요청됨.,횡단보도 관련 사항에 대해 조치를 요청하였습니다.
청소 미흡에 대한 정비 요청함.,**공공문체:** 청소 미흡 사항에 대하여 정비를 요청하였습니다.
"시설 파손 발생, 청소 처리함.",공원 내 파손된 시설에 대해 청소 및 정비를 완료하였습니다.
사직동 쓰레기 방치 현장 확인 필요.,"**답변 요약:** 사직동 쓰레기 방치 현장 확인 필요.  

**공공문체:** 사직동 일대 쓰레기 방치 현황을 확인할 필요가 있습니다."
도로표지판 정비 요청됨.,도로 표지판에 대한 정비를 요청하였습니다.
화명1동 소음 민원 정비 완료.,화명1동에서 발생한 소음 민원에 대해 정비를 완료하였습니다.
"보도블럭 파손 발생, 계도 처리함.",보도블럭 파손이 발생하여 현장 계도 조치를 완료하였습니다.
펜스 재도색 요청됨.,**공공문체:** 펜스의 재도색을 요청하였습니다.
연산동 불법주차 조치 필요.,연산동 일대 불법 주정차 차량에 대해 현장 조치를 완료하였습니다.
"명륜동 도로표지판 상태 무단투기, 조치 중.","- 답변 요약: 명륜동 도로표지판 무단 투기 현상 조치 중.  
- 공공문체: 명륜동 도로 표지판에 대한 무단 투기 행위를 조치하고 있습니다."
"명륜동 신호등 상태 가로등 고장, 청소 중.","명륜동 일대 신호등 및 가로등의 고장과 관련된 현장 점검을 실시하였으며, 필요한 청소 작업도 함께 진행하였습니다."
펜스 재도색 요청됨.,**공공문체:** 펜스의 재도색을 위해 필요한 절차를 진행하였습니다.
"무단투기 발생, 계도 처리함.",무단 투기가 발생한 사례에 대해 현장 계도 조치를 완료하였습니다.
가림막 처리 요청됨.,"가림막 설치를 신청한 사항으로, 관련 절차를 진행하였습니다.  

(또는)  
가림막 설치 신청에 대해 접수된 사항입니다.  

※ 공공기관 답변 문체로 자연스럽게 변환된 내용입니다. 필요 시 추가 설명을 포함할 수 있습니다."
보도블럭 수리 요청됨.,보도블록 수리 요청을 접수하였습니다.
도색 필요에 대한 수리 요청함.,도색이 필요한 시설물에 대해 수리 작업을 요청하였습니다.
"명륜동 보도블럭 상태 도색 필요, 조치 중.","명륜동 일대 보도블럭의 상태가 불량하여 도색이 필요한 사항으로 확인되었으며, 관련 점검 및 수리 작업을 진행 중입니다."
노상적치물에 대해 확인 예정.,**공공문체:** 노상 적치물에 대한 현장 확인을 진행할 예정입니다.
횡단보도 확인 요청됨.,횡단보도 현황을 확인하기 위한 점검을 실시하였습니다.
화명1동 쓰레기 방치 현장 확인 필요.,"- 답변 요약: 화명1동 쓰레기 방치 현장 확인 필요.  
- 공공문체: 화명1동 일대 쓰레기 방치 현장을 확인할 필요가 있습니다.  

(또는)  
화명1동 내 쓰레기 방치 문제에 대해 현장 확인을 요청합니다."
시설 파손에 대한 처리 요청함.,"""시설물 파손에 대한 수리 또는 복구를 요청하였습니다.""  

(공공기관답변문체 적용: ""요청함""을 구체적 조치(""수리 또는 복구"")로 표현하며, 공식적인 서술체 유지)"
보도블럭 정비 요청됨.,보도블럭의 정비를 요청하였습니다.
화명1동 도색 필요 철거 완료.,화명1동 일대 도색이 필요한 건물에 대한 철거 작업을 완료하였습니다.
시설 파손에 대한 재도색 요청함.,"""파손된 시설물에 대한 재도색 작업을 요청하였습니다."""
화명1동 불법주차 수리 완료.,화명1동 일대 불법 주정차 차량에 대한 현장 계도 및 조치를 완료하였습니다.
"무단투기 발생, 재도색 처리함.",무단 투기된 쓰레기에 대해 재도색 처리를 완료하였습니다.
온천동 노상적치물 현장 확인 필요.,온천동 일대 노상 적치물에 대한 현장 확인 절차를 진행할 예정입니다.
화명1동 가로등 고장 조치 필요.,화명1동 일대 가로등 고장에 대해 조치가 필요한 사항으로 확인되었습니다.
가로등 고장에 대한 철거 요청함.,"가로등 점멸 현상이 발생한 것으로 확인되었으며, 해당 장비에 대해 수리 및 정비를 요청하였습니다."
무단투기에 대해 정비 예정.,무단 투기 현장에 대한 정비 작업을 추진할 예정입니다.
불법주차에 대한 수리 요청함.,"불법 주정차 차량에 대한 현장 점검을 완료하였으며, 파손된 시설물에 대해 수리를 요청하였습니다."
"범일동 신호등 상태 보도블럭 파손, 청소 중.",범일동 일대 신호등 및 보도블럭에 대한 현장 점검 결과 파손 사항이 확인되어 관련 수리 작업을 진행하고 있습니다.
"청소 미흡 발생, 처리 처리함.","화명1동 일대 청소 미흡 사항에 대해 현장 점검을 실시하였으며, 관련 부서와 협조하여 정비를 완료하였습니다."
시설 파손에 대해 계도 예정.,시설물 파손에 대한 현장 확인 후 계도 조치를 예정하고 있습니다.
온천동 무단투기 조치 필요.,온천동 일대 무단 투기 현상에 대하여 조치를 검토하고 있습니다.
연산동 청소 미흡 관련 처리 실시함.,연산동 일대의 청소 미흡 사항에 대하여 적극적인 조치를 취하였습니다.
부암동 보도블럭 파손 현장 확인 필요.,부암동 일대 보도블럭 파손 현황을 확인하여 조치할 예정입니다.
명륜동 CCTV 정비 완료.,명륜동 일대의 CCTV 시설에 대한 정비를 완료하였습니다.
부암동 가로등 고장 관련 수리 실시함.,부암동 일대 가로등 고장에 대한 수리 작업을 완료하였습니다.
"화명1동 CCTV 상태 소음 민원, 계도 중.","화명1동 CCTV 설치 장소에서 발생한 소음 민원에 대해 현장 점검을 실시하였으며, 관련 사항은 계도 조치를 완료하였습니다."
부암동 가로등 철거 완료.,부암동 일대 가로등을 철거하는 조치를 완료하였습니다.
소음 민원에 대한 청소 요청함.,"""소음 민원으로 인한 청소 요청을 접수하였습니다."""
온천동 무단투기 조치 필요.,온천동 일대 무단 투기 현황에 대한 조치를 신속히 추진하겠습니다.
명륜동 쓰레기 방치 관련 조치 실시함.,명륜동 일대 쓰레기 방치 현장에 대해 점검을 실시하였습니다.
벤치 계도 요청됨.,"""공원 내 파손 또는 불편 사유로 인한 벤치에 대해 계도 조치를 요청하였습니다."""
도색 필요에 대해 철거 예정.,도색이 필요한 경우에 대해 철거를 계획하고 있습니다.
"보도블럭 파손 발생, 처리 처리함.",보도블럭 파손 사항에 대해 조치를 완료하였습니다.
전포동 불법주차 관련 확인 실시함.,전포동 일대 불법 주정차 차량에 대해 현장 확인 조치를 실시하였습니다.
온천동 횡단보도 조치 완료.,온천동 일대 횡단보도에 대한 현장 점검 및 조치를 완료하였습니다.
온천동 소음 민원 조치 필요.,온천동 지역에서 발생한 소음 관련 민원에 대해 조치가 필요한 사항으로 확인되었습니다.
화명1동 무단투기 처리 완료.,**화명1동 일대 무단 투기 행위에 대해 조치를 완료하였습니다.**
사직동 시설 파손 조치 필요.,**공공문체:** 사직동 일대 파손된 시설에 대해 조치를 취할 예정입니다.
화명1동 무단투기 현장 확인 필요.,화명1동 무단 투기 현장에 대한 점검을 실시하겠습니다.
횡단보도 민원 접수 요청됨.,횡단보도 관련 민원 접수를 요청하셨습니다.
도색 필요에 대해 정비 예정.,도색이 필요한 부분에 대해 정비를 계획하고 있습니다.
가로등 고장에 대해 처리 예정.,가로등 고장에 대한 점검 및 수리 작업을 진행할 예정입니다.
벤치 확인 요청됨.,공원 내 파손 또는 고장이 발생한 벤치에 대한 확인을 요청하였습니다.
명륜동 보도블럭 정비 완료.,명륜동 일대 보도블럭에 대한 정비를 완료하였습니다.
온천동 가림막 재도색 완료.,온천동 일대의 가림막에 대한 재도색 작업을 완료하였습니다.
"불법주차 발생, 청소 처리함.",불법 주정차 차량이 발견되어 현장 청소 및 처리 조치를 완료하였습니다.
"명륜동 횡단보도 상태 도색 필요, 수리 중.",명륜동 일대 횡단보도 도색 및 수리가 필요한 사항으로 확인되어 관련 절차를 진행하고 있습니다.
범일동 계단 처리 완료.,범일동 일대 계단에 대한 처리를 완료하였습니다.
"무단투기 발생, 정비 처리함.",**답변:** 무단 투기 행위가 발생한 곳에 대해 현장 조치를 완료하였습니다.
화명1동 도색 필요 철거 완료.,화명1동 일대의 도색이 필요한 건물에 대해 철거 작업을 완료하였습니다.
수정동 보도블럭 파손 조치 필요.,**공공문체:** 수정동 일대 보도블럭 파손에 대해 조치를 진행할 예정입니다.
화명1동 보도블럭 파손 청소 완료.,**공공문체:** 화명1동 보도블럭 파손 부위에 대한 청소 및 정비를 완료하였습니다.
화명1동 보도블럭 파손 재도색 완료.,화명1동 일대 보도블럭의 파손 부위에 대해 재도색을 완료하였습니다.
"쓰레기 방치 발생, 조치 처리함.",- 공공문체: 무단 투기된 쓰레기에 대해 현장 점검을 실시하고 조치를 완료하였습니다.
사직동 시설 파손 조치 필요.,**공공문체:** 사직동 일대 시설물 파손에 대해 즉시 조치를 취할 예정입니다.
보도블럭 계도 요청됨.,보도블럭에 대한 계도를 요청하였습니다.
"불법주차 발생, 확인 처리함.",불법 주정차 현황을 확인하였으며 조치를 완료하였습니다.
수정동 노상적치물 관련 처리 실시함.,수정동 노상 적치물에 대한 현장 점검 및 처리를 완료하였습니다.
"도색 필요 발생, 철거 처리함.",도색이 필요한 경우가 발생하여 해당 부위를 철거 처리하였습니다.
도색 필요에 대한 철거 요청함.,철거가 필요한 도색 작업에 대해 조치를 요청하였습니다.
화명1동 청소 미흡 민원 접수 완료.,- 공공문체: 화명1동 일대의 청소 미흡 문제에 대해 민원 접수를 완료하였습니다.
대연동 보도블럭 파손 현장 확인 필요.,대연동 일대 보도블럭 파손 사항을 확인할 수 있는 현장 조사가 필요합니다.
"불법주차 발생, 계도 처리함.",불법 주정차 차량에 대해 현장 계도 조치를 완료하였습니다.
"보도블럭 파손 발생, 정비 처리함.",보도블럭이 파손되어 발생한 문제에 대해 조치를 완료하였습니다.
"소음 민원 발생, 확인 처리함.",**공공문체:** 해당 지역에서 발생한 소음 민원에 대하여 현장 확인 및 조치를 완료하였습니다.
수정동 소음 민원 관련 조치 실시함.,수정동에서 발생한 소음 민원에 대하여 조치를 시행하였습니다.
대연동 쓰레기 방치 관련 계도 실시함.,**답변:** 대연동 일대 쓰레기 무단 방치 현장에 대해 계도 조치를 완료하였습니다.
부암동 보도블럭 파손 조치 필요.,**공공문체:** 부암동 일대 보도블럭 파손에 대해 조치를 필요로 하였습니다.
소음 민원에 대해 수리 예정.,소음 민원에 대한 처리를 위해 수리 작업을 예정하고 있습니다.
수정동 노상적치물 현장 확인 필요.,수정동 일대 노상 적치물에 대한 현장 확인 절차를 진행할 예정입니다.
범일동 가로등 고장 조치 필요.,범일동 일대의 가로등 고장에 대해 조치가 필요합니다.
"부암동 계단 상태 보도블럭 파손, 조치 중.",부암동 일대 계단 및 보도블럭의 파손 사항에 대해 조치를 진행 중입니다.
전포동 가로등 고장 관련 민원 접수 실시함.,전포동 일대 가로등 고장 문제에 대해 민원 접수를 실시하였습니다.
대연동 노상적치물 관련 확인 실시함.,대연동 노상에 적치된 물품에 대해 현장 확인 조치를 완료하였습니다.
연산동 청소 미흡 관련 계도 실시함.,연산동 일대 청소 미흡 사항에 대해 현장 계도 조치를 실시하였습니다.
"불법주차 발생, 확인 처리함.",불법 주정차 현상을 확인하여 조치를 완료하였습니다.
온천동 시설 파손 조치 필요.,"온천동 내 파손된 시설에 대해 현장 점검을 실시하였으며, 필요한 조치를 완료하였습니다."
수정동 시설 파손 현장 확인 필요.,**공공문체:** 수정동 일대의 시설물 파손 사항에 대해 현장 확인 절차를 진행하였습니다.
대연동 쓰레기 방치 조치 필요.,대연동 일대 쓰레기 방치 문제에 대해 조치를 취할 예정입니다.
노상적치물에 대해 처리 예정.,노상에 적치된 물품에 대해 조치를 진행할 예정입니다.
"사직동 가로등 상태 가로등 고장, 민원 접수 중.",**공공문체:** 사직동 일대 가로등에 대한 고장 신고를 접수하였습니다.
수정동 벤치 민원 접수 완료.,수정동 일대 벤치에 대한 민원을 접수하였습니다.
부암동 도색 필요 관련 확인 실시함.,**공공문체:** 부암동 일대 도색이 필요한 사항에 대해 현장 확인 조치를 완료하였습니다.
벤치 철거 요청됨.,**공공문체:** 해당 지역의 벤치를 철거하기 위한 절차를 요청하였습니다.
"전포동 도로표지판 상태 청소 미흡, 계도 중.",**답변:** 전포동 도로표지판의 상태에 대한 청소가 미흡하여 계도 조치를 진행 중입니다.
화명1동 쓰레기 방치 재도색 완료.,화명1동 일대 방치된 쓰레기에 대해 재도색 작업을 완료하였습니다.
화명1동 시설 파손 철거 완료.,화명1동 일대 파손된 시설물에 대한 현장 철거 및 정비를 완료하였습니다.
시설 파손에 대한 청소 요청함.,시설물 파손으로 인한 청소 작업을 요청하였습니다.
화명1동 노상적치물 조치 필요.,화명1동 일대 노상 적치물에 대해 조치를 요청하였습니다.
"보도블럭 파손 발생, 청소 처리함.","보도블럭 파손 사고가 발생하였으나, 현장에서 청소 및 복구 작업을 완료하였습니다."
"보도블럭 파손 발생, 청소 처리함.",보도블럭 파손 사항이 발생하여 관련 청소 및 정비를 완료하였습니다.
수정동 펜스 계도 완료.,**답변:** 수정동 일대 펜스에 대한 계도 조치를 완료하였습니다.
벤치 재도색 요청됨.,공원 내 파손 또는 노후화된 벤치에 대해 재도색을 요청하였습니다.
불법주차에 대한 확인 요청함.,"불법 주정차 상황을 확인하기 위해 조치를 취하였습니다.  

(또는)  

불법 주정차 현황을 파악하고자 관련 절차를 진행하였습니다."
명륜동 도로표지판 민원 접수 완료.,명륜동 도로 표지판 관련 민원을 접수하였습니다.
화명1동 노상적치물 현장 확인 필요.,화명1동 일대 노상 적치물에 대한 현장 확인을 실시할 예정입니다.
가로등 고장에 대해 청소 예정.,"가로등 고장에 대한 점검을 완료하였으며, 청소 및 정비를 예정하고 있습니다."
범일동 도색 필요 조치 필요.,범일동 일대의 도색이 필요한 부분에 대해 조치를 시행할 예정입니다.
온천동 계단 정비 완료.,온천동 계단에 대한 정비를 완료하였습니다.
보도블럭 파손에 대해 청소 예정.,보도블럭 파손 사항에 대해 청소 및 복구 작업을 진행할 예정입니다.
전포동 보도블럭 파손 조치 필요.,전포동 일대 보도블럭이 파손되어 조치가 필요한 사항으로 확인되었습니다. 관련 점검 및 수리 작업을 신속히 진행하도록 하겠습니다.
화명1동 소음 민원 청소 완료.,화명1동 일대 소음 관련 민원에 대해 현장 청소 조치를 완료하였습니다.
"명륜동 신호등 상태 노상적치물, 처리 중.","명륜동 일대 신호등 및 노상 적치물에 대한 현장 점검을 완료하였으며, 처리 중입니다."
무단투기에 대해 청소 예정.,무단 투기된 쓰레기에 대해 청소 작업을 진행할 예정입니다.
명륜동 청소 미흡 현장 확인 필요.,명륜동 일대 청소 미흡 사항에 대해 현장 확인을 진행하였습니다.
화명1동 청소 미흡 처리 완료.,화명1동 일대 청소 미흡한 부분에 대해 조치를 완료하였습니다.
부암동 도로표지판 처리 완료.,부암동 도로 표지판에 대한 처리를 완료하였습니다.
무단투기에 대한 재도색 요청함.,무단 투기로 인한 도색 부식에 대해 관계 기관에 재도색을 요청하였습니다.
연산동 가로등 고장 현장 확인 필요.,연산동 일대의 가로등 고장 현황을 확인하기 위해 현장 점검을 실시하였습니다.
연산동 가로등 고장 현장 확인 필요.,연산동 일대 가로등 고장에 대해 현장 확인을 진행하였습니다.
"노상적치물 발생, 계도 처리함.",노상 적치물 발생 시점에 대하여 현장 계도 조치를 완료하였습니다.
화명1동 보도블럭 파손 재도색 완료.,화명1동 일대 보도블럭의 파손 부분에 대해 재도색을 완료하였습니다.
펜스 청소 요청됨.,**공공문체:** 펜스의 청소를 위해 필요한 조치를 요청하였습니다.
범일동 보도블럭 파손 조치 필요.,범일동 일대 보도블럭의 파손 사항에 대해 조치를 취할 계획입니다.
화명1동 보도블럭 파손 확인 완료.,화명1동 일대 보도블럭 파손 사항을 현장에서 확인하였습니다.
수정동 노상적치물 조치 필요.,"수정동 노상 적치물에 대해 현장 점검을 실시하였으며, 관련 사항에 대한 조치를 완료하였습니다."
소음 민원에 대해 청소 예정.,"""지정된 지역에서 발생한 소음 민원에 대해 청소 및 정비를 예정하고 있습니다."""
노상적치물에 대한 계도 요청함.,노상 적치물에 대해 현장 계도 조치를 요청하였습니다.
화명1동 보도블럭 파손 민원 접수 완료.,화명1동 보도블럭 파손 신고를 접수하였습니다.
온천동 소음 민원 현장 확인 필요.,온천동에서 발생한 소음 민원에 대하여 현장 확인이 필요합니다.
화명1동 청소 미흡 청소 완료.,화명1동 일대 청소 미흡 사항에 대해 현장 점검을 실시하고 청소를 완료하였습니다.
화명1동 보도블럭 파손 현장 확인 필요.,**답변:** 화명1동 일대 보도블럭 파손 현황에 대해 현장 확인을 실시하였습니다.
화명1동 소음 민원 처리 완료.,화명1동에서 발생한 소음 민원에 대해 조치를 완료하였습니다.
연산동 불법주차 조치 필요.,"연산동 일대 불법 주정차 차량에 대해 현장 확인을 완료하였으며, 필요한 경우 조치를 취하겠습니다."
화명1동 시설 파손 정비 완료.,화명1동 내 파손된 시설에 대해 정비를 완료하였습니다.
노상적치물에 대해 확인 예정.,노상 적치물에 대한 현황을 조사하고 있습니다.
수정동 도색 필요 현장 확인 필요.,수정동 일대 도색이 필요한 장소를 현장 확인하였습니다.
연산동 CCTV 처리 완료.,"**연산동 CCTV 설치 및 점검을 완료하였습니다.**  

(또는)  
**연산동 일대 CCTV에 대한 정비를 완료하였습니다.**  

※ 선택 사항: ""처리"" 대신 ""설치·점검"" 또는 ""정비""로 구체화할 수 있습니다."
연산동 시설 파손 현장 확인 필요.,연산동 일대 파손된 시설에 대해 현장 확인을 요청하였습니다.
대연동 무단투기 현장 확인 필요.,**답변:** 대연동 무단 투기 현장에 대한 조치를 위해 현장 확인을 요청하였습니다.
"온천동 신호등 상태 무단투기, 재도색 중.",온천동 일대 신호등에 대한 무단 투기 문제와 함께 재도색 작업을 진행하고 있습니다.
전포동 무단투기 관련 수리 실시함.,전포동에서 발생한 무단 투기 문제에 대해 조치를 실시하였습니다.
"쓰레기 방치 발생, 계도 처리함.",쓰레기 방치 현상이 발생하여 계도 조치를 완료하였습니다.
보도블럭 파손에 대한 조치 요청함.,보도블록 파손에 대해 조치를 요청하였습니다.
시설 파손에 대한 조치 요청함.,시설물 파손에 대한 정비 조치를 요청하였습니다.
화명1동 쓰레기 방치 확인 완료.,- 공공문체: 화명1동 일대 쓰레기 방치 현황에 대해 현장 확인을 완료하였습니다.
"무단투기 발생, 조치 처리함.",무단 투기 행위가 발생하여 조치를 완료하였습니다.
시설 파손에 대한 철거 요청함.,"""시설물 파손에 대한 철거 절차를 진행하였음을 알려드립니다.""  

(또는)  
""파손된 시설물에 대해 철거 요청을 접수하였습니다."""
화명1동 무단투기 민원 접수 완료.,화명1동 일대 무단 투기 민원에 대해 접수를 완료하였습니다.
범일동 CCTV 조치 완료.,**범일동 일대 CCTV 시설에 대한 조치를 완료하였습니다.**
전포동 보도블럭 청소 완료.,**공공문체:** 전포동 일대 보도블럭에 대한 청소 작업을 완료하였습니다.
온천동 펜스 처리 완료.,온천동 일대 파손 또는 오용된 펜스에 대해 조치를 완료하였습니다.
청소 미흡에 대해 수리 예정.,**공공문체:** 해당 지역의 청소 미흡 문제에 대해 조치를 취할 계획입니다.
범일동 쓰레기 방치 조치 필요.,범일동 일대 쓰레기 방치 현황에 대해 조치를 취할 예정입니다.
소음 민원에 대해 조치 예정.,**공공문체:** 소음 민원에 대한 조치를 진행할 예정입니다.
불법주차에 대한 확인 요청함.,불법 주정차 현황에 대한 확인을 요청하였습니다.
"시설 파손 발생, 처리 처리함.","- 답변 요약: 시설 파손 발생, 처리 처리함.  
  - 공공문체: 해당 시설의 파손 사항에 대해 조치를 완료하였습니다."
불법주차에 대한 재도색 요청함.,불법 주정차 차량에 대한 도색을 요청하였습니다.
연산동 보도블럭 파손 조치 필요.,연산동 일대 보도블럭 파손에 대해 수리 및 복구 조치가 필요합니다.
연산동 시설 파손 현장 확인 필요.,연산동 시설물 파손 사항을 확인하기 위해 현장 점검을 실시하도록 요청하였습니다.
화명1동 보도블럭 파손 정비 완료.,**화명1동 일대 보도블럭 파손 사항에 대해 현장 점검 및 정비를 완료하였습니다.**
계단 민원 접수 요청됨.,계단 관련 민원을 접수하였습니다.
시설 파손에 대해 조치 예정.,"""파손된 시설에 대해 조치를 예정하고 있습니다."""
"대연동 펜스 상태 노상적치물, 조치 중.","- 공공문체: 대연동 일대 펜스의 상태 및 노상 적치물에 대해 조치 중입니다.  

(해당 문장은 ""조치 중""으로 마무리되었기 때문에 추가적인 완료 여부를 명시하지 않았습니다.)"
가림막 철거 요청됨.,가림막 철거를 위한 신청을 접수하였습니다.
명륜동 계단 정비 완료.,명륜동 일대 계단에 대한 정비를 완료하였습니다.
"온천동 보도블럭 상태 불법주차, 계도 중.",온천동 일대 보도블럭과 관련된 불법 주정차 차량에 대해 현장 계도 조치를 진행 중입니다.
사직동 소음 민원 조치 필요.,"**공공문체:**  
사직동에서 발생한 소음 관련 민원에 대해 조치를 요청하였습니다."
연산동 청소 미흡 현장 확인 필요.,연산동 일대의 청소 상태에 대한 현장 점검을 실시할 예정입니다.
화명1동 시설 파손 조치 완료.,화명1동의 시설물 파손에 대한 조치를 완료하였습니다.
수정동 도색 필요 관련 재도색 실시함.,수정동 일대 도색이 필요한 부분에 대해 재도색을 실시하였습니다.
소음 민원에 대한 조치 요청함.,소음 민원에 대해 조치를 요청하였습니다.
화명1동 쓰레기 방치 처리 완료.,화명1동 일대 무단 투기된 쓰레기에 대해 현장 조치를 완료하였습니다.
화명1동 시설 파손 수리 완료.,"화명1동 일대 파손된 시설에 대해 현장 점검을 실시하였으며, 수리를 완료하였습니다."
계단 처리 요청됨.,계단 복구를 위한 조치를 요청하였습니다.
사직동 도색 필요 관련 민원 접수 실시함.,**공공문체:** 사직동 일대 도색이 필요한 민원에 대해 접수를 실시하였습니다.
온천동 불법주차 현장 확인 필요.,온천동 일대 불법 주정차 차량에 대한 현장 확인을 요청하였습니다.
보도블럭 파손에 대한 확인 요청함.,"보도블럭 파손 사항을 확인하였으며, 관련 점검 및 복구 조치를 진행할 예정입니다."
화명1동 가로등 고장 관련 처리 실시함.,"화명1동 일대 가로등 고장에 대해 현장 점검을 실시하였으며, 수리 및 복구 작업을 완료하였습니다."
화명1동 보도블럭 파손 관련 수리 실시함.,화명1동 일대 보도블럭 파손 사항에 대해 수리 조치를 완료하였습니다.
계단 확인 요청됨.,"계단 상태 점검을 요청하였습니다.  

(또는)  
계단 관련 점검을 요청하였습니다.  

※ 공공기관 답변은 간결하고 사실 중심으로 작성되며, 필요한 경우 구체적인 조치를 명시할 수 있습니다."
"도색 필요 발생, 청소 처리함.",도색이 필요한 부분에 대해 청소 및 정비를 완료하였습니다.
노상적치물에 대해 확인 예정.,노상 적치물에 대한 현황 확인을 진행할 예정입니다.
화명1동 청소 미흡 철거 완료.,화명1동 일대 청소 미흡 현상에 대해 조치를 완료하였습니다.
청소 미흡에 대해 정비 예정.,**공공문체:** 해당 지역의 청소 미흡 사항에 대해 정비를 진행할 예정입니다.
"쓰레기 방치 발생, 민원 접수 처리함.",- 공공문체: 무단 투기된 쓰레기에 대해 민원 접수 및 처리 절차를 진행하였습니다.
청소 미흡에 대한 민원 접수 요청함.,"""청소 미흡에 대한 민원 접수를 요청하였습니다."""
사직동 CCTV 계도 완료.,**공공문체:** 사직동 일대 CCTV 설치를 위한 계도 조치를 완료하였습니다.
"가로등 고장 발생, 확인 처리함.","가로등 고장 현황을 확인하였으며, 관련 점검 및 복구 조치를 완료하였습니다."
범일동 불법주차 관련 철거 실시함.,범일동 일대 불법 주정차 차량에 대해 현장 적발 및 철거 조치를 완료하였습니다.
"시설 파손 발생, 계도 처리함.",시설물 파손 사항이 발생하여 현장에 대해 계도 조치를 완료하였습니다.
대연동 청소 미흡 조치 필요.,"대연동 일대의 청소 상태가 미흡한 것으로 확인되어, 현장 점검 및 추가적인 청소 조치를 실시하였습니다."
도색 필요에 대한 민원 접수 요청함.,도색이 필요한 사항에 대해 민원 접수를 요청하였습니다.
보도블럭 수리 요청됨.,보도블럭 파손 현장에 대한 수리 절차를 신속히 진행하여 처리할 예정입니다.
온천동 시설 파손 조치 필요.,온천동 일대의 시설 파손에 대해 조치가 필요한 사항으로 판단되어 별도 점검을 실시할 예정입니다.
가로등 고장에 대한 수리 요청함.,가로등 고장에 대해 수리 요청을 접수하였습니다.
화명1동 도색 필요 현장 확인 필요.,화명1동 일대 도색이 필요한 사항을 현장 점검하여 확인할 예정입니다.
"명륜동 가로등 상태 가로등 고장, 수리 중.","명륜동 일대 가로등에 대해 고장 현황을 확인하였으며, 수리 작업을 진행 중입니다."
무단투기에 대해 계도 예정.,무단 투기 행위에 대해 현장 계도 조치를 예정하고 있습니다.
수정동 소음 민원 조치 필요.,수정동에서 발생한 소음 민원에 대해 조치를 취하도록 검토 중입니다.
화명1동 불법주차 민원 접수 완료.,"화명1동 일대 불법 주정차 민원을 접수하였으며, 조치를 진행하였습니다."
"노상적치물 발생, 재도색 처리함.","노상 적치물이 발생하였으나, 해당 부위를 재도색하여 처리하였습니다."
"대연동 펜스 상태 청소 미흡, 재도색 중.",대연동 펜스의 청소 및 재도색을 위해 필요한 조치를 진행 중입니다.
"청소 미흡 발생, 민원 접수 처리함.","**공공문체:** 해당 지역의 청소 미흡 사항이 발생하였으며, 관련 민원을 접수하여 처리하였습니다."
사직동 가로등 고장 현장 확인 필요.,공사 내 가로등의 고장 여부를 확인하기 위해 현장 점검을 실시하였습니다.
"범일동 횡단보도 상태 무단투기, 처리 중.",범일동 일대 횡단보도 주변 무단 투기 현상에 대해 조치를 진행 중입니다.
"사직동 신호등 상태 시설 파손, 계도 중.",- 공공문체: 사직동 신호등에 대한 시설물 파손 상황으로 인해 현장 계도 조치를 진행 중입니다.
사직동 불법주차 현장 확인 필요.,**공공문체:** 사직동 일대 불법 주정차 차량에 대해 현장 확인 절차를 진행하였습니다.
보도블럭 파손에 대한 계도 요청함.,보도블럭 파손 부근에 대해 계도 조치를 요청하였습니다.
노상적치물에 대한 철거 요청함.,노상 적치물에 대해 철거 조치를 요청하였습니다.
명륜동 CCTV 청소 완료.,명륜동 CCTV 시설에 대한 청소 작업을 완료하였습니다.
부암동 보도블럭 파손 조치 필요.,부암동 일대 보도블럭 파손 사항에 대해 조치가 필요합니다.
화명1동 가로등 고장 확인 완료.,"화명1동 일대 가로등의 고장 상황을 현장 확인하였으며, 관련 점검을 완료하였습니다."
수정동 도로표지판 계도 완료.,**공공문체:** 수정동 일대 도로 표지판에 대한 현장 계도 조치를 완료하였습니다.
수정동 CCTV 확인 완료.,"수정동 지역의 CCTV 설치 및 운영 현황을 확인하였으며, 관련 점검을 완료하였습니다."
전포동 가로등 고장 관련 처리 실시함.,"전포동 일대 가로등 고장에 대해 현장 점검을 완료하였으며, 관련 복구 작업을 즉시 실시하였습니다."
연산동 무단투기 조치 필요.,"연산동 일대 무단 투기 문제에 대해 조치를 취하겠습니다.  

(또는)  
연산동 일대 무단 투기 현황을 파악하여 필요한 조치를 시행하겠습니다."
대연동 가로등 고장 조치 필요.,"- 답변 요약: 대연동 가로등 고장 조치 필요.  
- 공공문체: 대연동 일대의 가로등 고장에 대해 수리 및 정비 조치를 신속히 진행하겠습니다.  

(해당 문장은 ""조치 필요""라는 요구사항을 반영하여 적극적이고 구체적인 해결 의지를 표현하였습니다. 추가적으로 ""신속히""라는 시간적 약속도 포함되어 공공기관의 책임성을 강조합니다.)"
보도블럭 파손에 대해 정비 예정.,"보도블럭의 파손 사항을 확인하였으며, 관련된 정비 작업을 예정하고 있습니다."
사직동 무단투기 현장 확인 필요.,사직동 무단 투기 현장에 대한 즉시 확인을 요청하였습니다.
온천동 보도블럭 파손 현장 확인 필요.,온천동 일대 보도블럭 파손 사항을 확인하기 위해 현장 점검을 실시하였습니다.
청소 미흡에 대해 민원 접수 예정.,**공공문체:** 청소 미흡 사항을 민원 접수 처리하였습니다.
화명1동 도색 필요 민원 접수 완료.,화명1동 일대에 대한 도색이 필요한 민원을 접수하여 처리하였습니다.
수정동 벤치 정비 완료.,**공공문체:** 수정동 일대 파손된 벤치에 대해 정비를 완료하였습니다.
화명1동 소음 민원 철거 완료.,화명1동에서 발생한 소음 관련 민원에 대해 조치를 완료하였습니다.
연산동 보도블럭 계도 완료.,연산동 일대 보도블럭에 대한 현장 계도 조치를 완료하였습니다.
노상적치물에 대한 계도 요청함.,노상 적치물에 대해 계도 조치를 요청하였습니다.
쓰레기 방치에 대해 민원 접수 예정.,민원 접수를 통해 쓰레기 방치 문제에 대해 조치를 취할 예정입니다.
화명1동 보도블럭 파손 처리 완료.,화명1동 일대 보도블럭 파손에 대해 현장 점검을 실시하고 관련 처리를 완료하였습니다.
"사직동 계단 상태 쓰레기 방치, 확인 중.",**공공문체:** 사직동 계단 부근에 방치된 쓰레기에 대해 현장 확인을 진행하였습니다.
"연산동 가림막 상태 청소 미흡, 조치 중.",연산동 가림막의 청소 상태가 미흡한 것으로 확인되어 조치를 진행하고 있습니다.
사직동 노상적치물 조치 필요.,"**공공문체:** 사직동 일대 노상 적치물에 대해 현장 점검을 실시하였으며, 관련 조치를 완료하였습니다."
화명1동 신호등 재도색 완료.,화명1동 일대 신호등에 대해 재도색 작업을 완료하였습니다.
화명1동 가로등 고장 처리 완료.,화명1동 일대 가로등 고장에 대해 조치를 완료하였습니다.
소음 민원에 대한 조치 요청함.,"""소음 민원에 대해 조치를 요청하였습니다."""
범일동 무단투기 관련 민원 접수 실시함.,범일동 일대 무단 투기 민원에 대해 접수를 실시하였습니다.
화명1동 불법주차 계도 완료.,화명1동 일대 불법 주정차 차량에 대해 현장 계도 조치를 완료하였습니다.
범일동 청소 미흡 조치 필요.,범일동 일대 청소 미흡 사항에 대하여 조치를 요청하였습니다.
"보도블럭 파손 발생, 조치 처리함.",보도블럭 파손 현장에 대해 조치를 완료하였습니다.
명륜동 도색 필요 조치 필요.,"명륜동 일대의 건물 외벽 도색이 필요한 점을 확인하였으며, 관련 조치를 시행하기 위해 필요한 절차를 진행할 예정입니다."
연산동 도로표지판 처리 완료.,연산동 도로 표지판에 대한 조치를 완료하였습니다.
벤치 조치 요청됨.,공원 내 파손된 벤치에 대해 관리 부서에 조치를 요청하였습니다.
범일동 펜스 민원 접수 완료.,범일동 일대 펜스 관련 민원을 접수하였습니다.
명륜동 벤치 민원 접수 완료.,명륜동 일대 벤치 관련 민원을 접수하였습니다.
부암동 CCTV 민원 접수 완료.,부암동 일대의 CCTV 관련 민원을 접수하여 처리하였습니다.
전포동 CCTV 계도 완료.,전포동 일대의 CCTV 시설에 대한 계도 조치를 완료하였습니다.
"명륜동 CCTV 상태 청소 미흡, 정비 중.",명륜동 CCTV 설치 장소의 청소 상태가 미흡하여 정비 중입니다.
청소 미흡에 대해 계도 예정.,**공공문체:** 청소 미흡 사항에 대해 계도 조치를 예정하였습니다.
수정동 소음 민원 조치 필요.,수정동에서 발생한 소음 민원에 대해 조치가 필요합니다.
화명1동 보도블럭 파손 민원 접수 완료.,화명1동 일대 보도블럭 파손에 대한 민원 접수를 완료하였습니다.
온천동 펜스 확인 완료.,"온천동 일대 펜스 상태를 현장 확인한 결과, 무사안전하게 관리 중임을 알려드립니다."
사직동 소음 민원 조치 필요.,사직동에서 발생한 소음 민원에 대해 조치를 취할 필요가 있습니다.
화명1동 보도블럭 파손 정비 완료.,화명1동 일대 보도블럭 파손 부분에 대해 정비를 완료하였습니다.
"범일동 횡단보도 상태 도색 필요, 계도 중.","**범일동 일대 횡단보도 도색 작업을 진행하고 있으며, 안전 계도 조치를 완료하였습니다.**  

(공공기관 답변 문체로 자연스럽게 변환되었습니다.)"
"소음 민원 발생, 철거 처리함.",소음 민원이 발생한 사례에 대해 현장 조사 후 철거 처리를 완료하였습니다.
수정동 무단투기 관련 수리 실시함.,**공공문체:** 수정동 일대 무단 투기된 쓰레기에 대해 현장 수리를 완료하였습니다.
도색 필요에 대한 조치 요청함.,도색이 필요한 부분에 대해 조치를 요청하였습니다.
펜스 민원 접수 요청됨.,**공공문체:** 펜스 관련 민원을 접수하도록 요청하였습니다.
시설 파손에 대한 계도 요청함.,시설물 파손에 대해 계도 조치를 요청하였습니다.
"쓰레기 방치 발생, 재도색 처리함.",쓰레기 방치 현장에 대해 재도색 작업을 완료하였습니다.
부암동 가로등 고장 현장 확인 필요.,부암동 일대 가로등 고장 현황을 즉시 확인하여 처리할 예정입니다.
청소 미흡에 대한 조치 요청함.,**공공문체:** 청소 미흡한 사항에 대해 조치를 요청하였습니다.
온천동 무단투기 관련 수리 실시함.,온천동 일대 무단 투기 쓰레기에 대해 현장 수리 조치를 완료하였습니다.
"쓰레기 방치 발생, 철거 처리함.",- 공공문체: 쓰레기 방치 현황이 확인되어 해당 부위에 대한 철거 작업을 완료하였습니다.
"소음 민원 발생, 확인 처리함.",**공공문체:** 해당 지역에서 신고된 소음 민원에 대하여 현장 확인을 완료하였으며 조치를 취하였습니다.
온천동 소음 민원 관련 조치 실시함.,온천동 일대에서 발생한 소음 민원과 관련하여 조치를 실시하였습니다.
화명1동 도색 필요 조치 완료.,화명1동 일대의 페인트 작업이 필요한 시설에 대해 조치를 완료하였습니다.
온천동 횡단보도 재도색 완료.,온천동 일대 횡단보도의 재도색을 완료하였습니다.
부암동 횡단보도 수리 완료.,부암동 일대 횡단보도에 대한 수리 작업을 완료하였습니다.
사직동 보도블럭 조치 완료.,**공공문체:** 사직동 일대 보도블럭에 대한 조치를 완료하였습니다.
쓰레기 방치에 대한 수리 요청함.,쓰레기 방치 현장에 대해 수리 작업을 요청하였습니다.
불법주차에 대해 조치 예정.,불법 주정차 차량에 대해 조치를 예정하고 있습니다.
"노상적치물 발생, 민원 접수 처리함.","**공공문체:**  
노상에 적치된 물품에 대해 민원 접수를 완료하였습니다."
온천동 보도블럭 파손 관련 정비 실시함.,온천동 일대 보도블럭 파손에 대해 정비를 실시하였습니다.
화명1동 청소 미흡 민원 접수 완료.,**답변:** 화명1동 일대 청소 미흡한 부분에 대해 민원 접수를 완료하였습니다.
CCTV 계도 요청됨.,CCTV 설치 및 운영에 대한 계도 조치를 요청하였습니다.
수정동 무단투기 조치 필요.,수정동 일대 무단 투기 행위에 대해 조치를 완료하였습니다.
"쓰레기 방치 발생, 민원 접수 처리함.",- 공공문체: 쓰레기 무단 방치 현상이 발생하여 관련 민원을 접수 및 처리하였습니다.
대연동 가로등 재도색 완료.,대연동 일대 가로등에 대한 재도색을 완료하였습니다.
신호등 수리 요청됨.,신호등에 대한 수리 절차를 신청하였습니다.
CCTV 계도 요청됨.,"CCTV 설치에 대한 계도를 요청하였습니다.  

(또는)  
CCTV 관련 계도를 요청하였습니다.  

- ""요청됨""을 자연스럽게 표현하기 위해 ""요청하였습니다"" 또는 간략한 ""요청""으로 수정하였습니다.  
- 불필요한 인사말은 포함하지 않아 공식적인 문체로 유지되었습니다."
"수정동 횡단보도 상태 시설 파손, 정비 중.",**답변:** 수정동 횡단보도 시설물 파손 현황을 확인하여 정비 작업을 진행하고 있습니다.
대연동 청소 미흡 현장 확인 필요.,대연동 일대 청소 상태에 대한 현장 확인을 요청하였습니다.
화명1동 청소 미흡 민원 접수 완료.,- 공공문체: 화명1동 일대의 청소 미흡 사항에 대해 민원 접수를 완료하였습니다.
화명1동 도색 필요 관련 정비 실시함.,화명1동 일대의 도색이 필요한 시설에 대해 정비를 실시하였습니다.
명륜동 무단투기 현장 확인 필요.,명륜동 무단 투기 현장에 대한 즉시 확인을 요청하였습니다.
수정동 벤치 철거 완료.,수정동 일대 파손된 벤치에 대해 철거 조치를 완료하였습니다.
사직동 불법주차 현장 확인 필요.,**공공문체:** 사직동 일대 불법 주정차 차량에 대해 현장 확인 절차를 진행하였습니다.
사직동 소음 민원 현장 확인 필요.,공공문체: 사직동에서 접수된 소음 관련 민원에 대해 현장 확인을 요청하였습니다.
시설 파손에 대한 정비 요청함.,"""파손된 시설물에 대해 정비를 요청하였습니다."""
"보도블럭 파손 발생, 정비 처리함.",보도블럭이 파손되어 발생한 문제에 대해 현장 점검을 실시하고 정비를 완료하였습니다.
수정동 소음 민원 조치 필요.,수정동 일대에서 발생한 소음 민원에 대해 조치를 취할 예정입니다.
부암동 가로등 고장 현장 확인 필요.,부암동 일대 가로등 고장 현황을 점검하여 필요한 조치를 취하겠습니다.
대연동 도색 필요 조치 필요.,대연동 일대의 도색이 필요한 부분에 대해 조치를 취할 예정입니다.
신호등 확인 요청됨.,"""신호등 상태에 대한 확인을 요청받았습니다.""  

또는 더 구체적으로 표현할 경우:  
""신호등 점멸 또는 고장 여부를 확인하기 위해 현장 점검을 요청하였습니다.""  

(민원인의 의도가 명확히 전달되도록 조치 내용을 추가하여 작성한 경우)"
명륜동 소음 민원 현장 확인 필요.,명륜동 소음 민원과 관련하여 현장 확인을 진행할 예정입니다.
화명1동 청소 미흡 조치 완료.,**화명1동 일대 청소 미흡한 부분에 대해 조치를 완료하였습니다.**
시설 파손에 대해 계도 예정.,시설물 파손에 대한 현장 계도 조치를 예정하고 있습니다.
화명1동 노상적치물 정비 완료.,화명1동 일대 노상 적치물에 대해 정비를 완료하였습니다.
시설 파손에 대한 청소 요청함.,- 공공문체: 해당 시설물의 파손 부분에 대해 청소 및 정비를 요청하였습니다.
화명1동 도색 필요 확인 완료.,화명1동 일대의 도색이 필요한 부분에 대해 현장 확인을 완료하였습니다.
보도블럭 민원 접수 요청됨.,보도블럭 관련 민원 접수를 요청받았습니다.
사직동 펜스 수리 완료.,사직동 일대 파손된 펜스에 대해 수리 작업을 완료하였습니다.
부암동 쓰레기 방치 관련 정비 실시함.,**공공문체:** 부암동 일대 쓰레기 방치 현장에 대해 정비 조치를 완료하였습니다.
"연산동 계단 상태 쓰레기 방치, 조치 중.","연산동 일대 계단 주변에 방치된 쓰레기에 대해 현장 점검을 실시하였으며, 관련 처리를 진행하고 있습니다."
무단투기에 대한 조치 요청함.,무단 투기 행위에 대하여 조치를 요청하였습니다.
부암동 청소 미흡 조치 필요.,부암동 일대 청소 미흡 사항에 대해 조치를 취할 예정입니다.
가림막 계도 요청됨.,가림막에 대한 계도를 요청하였습니다.
소음 민원에 대해 청소 예정.,**공공문체:** 소음 관련 민원에 대해 청소를 예정하고 있습니다.
시설 파손에 대한 재도색 요청함.,공원 내 파손된 시설에 대해 재도색을 요청하였습니다.
연산동 가로등 고장 조치 필요.,연산동 일대 가로등 고장 사항에 대해 조치를 신속히 진행하도록 처리하였습니다.
범일동 노상적치물 조치 필요.,범일동 일대 노상 적치물에 대해 조치가 필요합니다.
"부암동 도로표지판 상태 가로등 고장, 철거 중.",부암동 도로 표지판의 상태 및 가로등 고장에 대한 현장 조치를 진행하고 있습니다.
화명1동 쓰레기 방치 조치 필요.,화명1동 일대 쓰레기 방치 현황에 대해 조치가 필요한 사항으로 확인되었습니다.
도색 필요에 대한 확인 요청함.,"도색이 필요한 부분에 대해 현장 확인을 완료하였으며, 관련 점검을 요청하였습니다."
벤치 수리 요청됨.,공원 내 파손된 벤치에 대해 수리 요청을 접수하였습니다.
부암동 가로등 고장 관련 처리 실시함.,부암동 일대 가로등 고장에 대해 정비 조치를 완료하였습니다.
청소 미흡에 대해 청소 예정.,**공공문체:** 해당 지역의 청소 미흡 사항에 대하여 조치를 예정하고 있습니다.
연산동 도색 필요 조치 필요.,"연산동 일대 도색이 필요하다는 신고를 접수하였으며, 관련 절차에 따라 조치를 진행하겠습니다."
가로등 고장에 대해 확인 예정.,"""가로등 고장 현황을 확인하고 조치를 취하겠습니다."""
부암동 불법주차 조치 필요.,부암동 일대 불법 주정차 차량에 대해 조치를 요청하였습니다.
대연동 신호등 청소 완료.,대연동 일대 신호등에 대한 청소 작업을 완료하였습니다.
"부암동 가림막 상태 소음 민원, 재도색 중.",부암동 일대의 가림막 부분에 대한 소음 관련 민원을 접수하였습니다. 현재 해당 부위를 재도색하는 작업을 진행 중입니다.
온천동 청소 미흡 조치 필요.,"온천동 일대 청소 상태가 미흡한 점을 확인하였으며, 관련 조치를 실시할 예정입니다."
"노상적치물 발생, 처리 처리함.",노상 적치물이 발생하여 조치를 완료하였습니다.
부암동 노상적치물 조치 필요.,"부암동 일대 노상 적치물에 대해 현장 점검을 완료하였으며, 관련 조치를 진행하였습니다."
"사직동 계단 상태 청소 미흡, 철거 중.","**공공문체:**  
사직동 일대 계단의 청소 상태가 미흡하여 철거 조치를 진행하고 있습니다.  

(설명: ""청소 미흡""을 ""미흡한 청소 상태""로 자연스럽게 표현하며, ""철거 중""을 ""철거 조치를 진행하고 있습니다""로 공식적이고 완결된 문체로 전환하였습니다.)"
"대연동 신호등 상태 보도블럭 파손, 청소 중.","**공공문체:** 대연동 일대 신호등 및 보도블럭의 파손 사항에 대해 현장 점검을 완료하였으며, 관련 청소 작업을 진행하고 있습니다."
화명1동 불법주차 확인 완료.,"화명1동 일대 불법 주정차 현황을 확인하였으며, 관련 조치를 완료하였습니다."
청소 미흡에 대해 재도색 예정.,"""청소가 미흡한 상태로 인해 해당 부위를 재도색할 예정입니다."""
가로등 고장에 대해 재도색 예정.,가로등 불량 현상에 대해 재도색을 계획하고 있습니다.
명륜동 불법주차 관련 재도색 실시함.,명륜동 일대 불법 주정차 차량에 대한 재도색 조치를 실시하였습니다.
"쓰레기 방치 발생, 철거 처리함.",쓰레기 방치 현상이 발생하여 해당 쓰레기를 철거 처리하였습니다.
화명1동 소음 민원 민원 접수 완료.,화명1동에서 접수된 소음 관련 민원에 대해 접수를 완료하였습니다.
수정동 무단투기 관련 계도 실시함.,수정동 일대 무단 투기 행위에 대해 현장 계도 조치를 실시하였습니다.
전포동 청소 미흡 조치 필요.,전포동 일대의 청소 미흡 현상에 대해 조치를 취할 계획입니다.
부암동 청소 미흡 조치 필요.,부암동 일대 청소 미흡 사항에 대해 조치를 개선할 예정입니다.
보도블럭 파손에 대한 재도색 요청함.,보도블럭의 파손 부분에 대해 재도색을 요청하였습니다.
"시설 파손 발생, 청소 처리함.",시설물 파손이 발생하였으나 현재 청소 및 정비를 완료하였습니다.
"불법주차 발생, 계도 처리함.",불법 주정차 차량에 대해 현장 계도 조치를 완료하였습니다.
화명1동 소음 민원 처리 완료.,화명1동 지역에서 발생한 소음 민원에 대하여 조치를 완료하였습니다.
화명1동 소음 민원 철거 완료.,**공공문체:** 화명1동 일대의 소음 관련 민원에 대해 조치를 완료하였습니다.
"범일동 횡단보도 상태 가로등 고장, 조치 중.","범일동 횡단보도 일대의 가로등 고장에 대해 현장 점검을 완료하였으며, 수리 작업을 진행 중입니다."
온천동 시설 파손 조치 필요.,"온천동 내 시설물 파손 사항에 대해 현장 점검을 실시하였으며, 필요한 수리 및 복구 조치를 진행할 예정입니다."
연산동 쓰레기 방치 조치 필요.,연산동 일대 쓰레기 방치 현황에 대해 조치를 취하도록 요청하였습니다.
"대연동 CCTV 상태 청소 미흡, 처리 중.",대연동 CCTV 설치 장소의 청소 상태가 미흡한 것으로 확인되어 조치를 진행 중입니다.
화명1동 불법주차 정비 완료.,화명1동 일대 불법 주정차 차량에 대한 정비를 완료하였습니다.
"범일동 펜스 상태 시설 파손, 조치 중.",범일동 일대 펜스의 파손된 부분에 대해 수리 및 복구 작업을 진행 중입니다.
"전포동 보도블럭 상태 도색 필요, 계도 중.",**공공문체:** 전포동 일대 보도블럭의 상태 도색이 필요하다는 신고를 접수하여 현장 확인을 거쳐 계도 조치를 완료하였습니다.
"청소 미흡 발생, 수리 처리함.",화명1동 일대 청소 미흡 사항이 발생하여 해당 부위의 청소 및 수리 작업을 완료하였습니다.
"노상적치물 발생, 민원 접수 처리함.",노상 적치물이 발생하여 접수한 민원에 대하여 조치를 완료하였습니다.
