제목,답변상태,작성일,담당부서,작성내용,답변내용
다대포 해상풍력단지 조성에 대해 반대합니다.,답변완료,2024-09-25 16:19:28,경제혁신국 전략사업과,https:n.news.naver.comarticle4690000824724?sid=102https:view.asiae.co.krarticle2024061722334637557다대포해상풍력단지 조성에 있어 주민들은 지속적으로 반대의 의견을 내비춰왔습니다.그럼에도 불구하고 구청장께서 기사를 내실 정도로 왜 자꾸 추진하시려는지 이해가 되지 않습니다.다대포 인근에 지역주민이 매우 많이 살고 있습니다.어촌은 아주 극히 소수이고요. 아파트에 거주하고 있는 지역주민이 대다수입니다.다대포는 주민이 살지 않는 시골마을이 아닌 주민이 많이 살고 있는 도시지역입니다.이런 주민들을 뒤로 하고 풍력단지를 조성하여 얻는 이익이 무엇입니까?좀 알고 싶습니다.사하구에는 감천에 화력발전소도 있습니다.지역주민이 반대하는 시설을 구청이 왜 앞장서서 추진하시는지 이해가 되질 않습니다.저만 이해가 안 가는걸까요?,"1. 평소 구정에 관심을 가져주신데 대해 감사드립니다.2. 귀하의 질의사항에 대하여 다음과 같이 답변드립니다.가. 다대포 해상풍력발전사업은 중앙행정기관인 산업통상자원부로부터 2020년 7월 발전사업 허가를 받아 부산해상풍력발전㈜에서 추진하는 사업입니다.나. 현재 관계 기관의 인허가 절차 및 지역주민의 의견수렴 등 주민수용성 확보를 위한 절차를 진행 중에 있습니다.다. 정부의 신재생에너지 확대 정책에 따라 추진하는 다대포 해상풍력발전사업에 대해 우리 구는 주민들의 우려에 공감하고 있으며, 사업의 필요성과 장기적인 이점을 설명하고 지역 주민의 의견 수렴을 위한 소통의 장(주민설명회 등)을 마련할 예정임을 알려드립니다.3. 기타 궁금하신 사항은 전략사업과(위미영, ☎220-5022)로 문의하여 주시면 성심껏 답변드리겠습니다. 감사합니다.붙임  2024년10월4일-a0-민원상담목록번호237437.  끝."
당리동 포스코 공사 현장 소음및 먼지,답변완료,2024-09-25 17:48:37,교통환경국 환경위생과,당리동 포스코 공사 현장 소음과 먼지로 인해 고통 받고 있습니다어제 오늘 먼지가 눈에 보이고 영상에 보일 정도로 심하게 나고 있는데살수를 한다고 하는데 먼지가 이렇게 많이 날릴수가 있습니까?어제 포스코측 관리자와 연락을 하여 조치 하겠다고 하였는데오늘도 같은곳에 먼지가 날리고 있습니다1번은 어제 2번은 오늘 용량이 작아서 다 못 올리겠네요※ 첨부파일 :20240925_173315.mp420240923_164455.mp4,"1. 안녕하십니까? 귀하께서 신청하신 민원에 대한 검토결과를 다음과 같이 알려드립니다.2. 귀하의 민원 내용은 「부산 당리승학 지역주택조합 공동주택 신축공사에서 발생하는 소음 및 분진으로 인한 생활불편」에 관한 것으로 이해됩니다.3. 귀하의 민원사항에 대해 검토한 결과는 다음과 같습니다.- 귀하의 불편사항을 현장관계자에게 전달하여 작업시간 준수, 고소음 작업 시 장비분산 사용, 작업자 교육 실시, 공사장 살수 철저 등 공사장 소음, 분진 최소화 할 수 있는 방안 마련하여 공사장 관리 철저토록 행정지도 하였습니다.- 추후에도 지속적으로 소음피해 발생 시 생활소음규제기준 준수 여부 확인을 위해 귀 댁에서 측정을 요청할 수 있으며, 해당 지역에 대한 지속적인 순찰을 통해 주민불편 사항이 최소화되도록 노력하겠습니다.4. 귀하의 민원에 만족스러운 답변이 되었기를 바라며, 답변 내용에 대한 추가 설명이 필요한 경우 환경위생과 환경지도계(☎051-220-4397)으로 연락주시면 친절히 안내해 드리도록 하겠습니다. 감사합니다."
사하구 구평동 (감천항로 405번길 사이 골목) 하수구 역류로 인한 악취,이송이첩,2024-09-24 11:32:00,없음,"하수구 역류한 지 지금 일주일이 되어가고 있는데, 해결은 되지 않고  이제는 정체를 알 수 없는 하얀 물이 마구 솓구치고 있습니다.악취 때문에 근무를 할 수가 없어요.주변에 회사들도 확인해야 할 것 같습니다. 냄새가 생선 비린내입니다. 하수구 악취가 아니구요.어묵공장이랑 생선 공장들이 들어서면서  처리를 제대로 안하고 버리는건지..어떻게 해결 부탁 드립니다.※ 첨부파일 :KakaoTalk_20240924_112735672_01.jpgKakaoTalk_20240924_112735672.jpg",없음
두성방파제 테트라포트 진입제한의 건.,답변완료,2024-09-24 22:32:38,안전도시국 도시정비과,"사하구 다대포 두성방파제에 테트라포트 진입하여,유튜브에 냒시및 개인방송을 송출하고 있습니다.테트라포트 진입은 상당히 위험한 행위이며,자살행위나 다름없는 행동이지만.이를 아랑곳하지 않고 서스럼없이 테트라포트에 진입하여 개인방송을하는등.낚시 행위를 하며, 어린아이들부터 어른까지 누구나 볼수있는 유튜브에서 방송을 한다는것이얼마니 큰 잘못인지 모르는것 같습니다.얼마전에도 두성방파제에서 인명사고가 일어난 만큼 진입제한을 지정하는것이 마땅 하다 생각 됨니다.하루빨리 진입제한 구역으로 지정하여 인명사고가 나지 않도록 조치해주시길 간곡히 부탁드립니다.※ 첨부파일 :Screenshot_20240924_221413_YouTube.jpg","1. 평소 구정 발전에 관심을 가져 주셔서 감사드립니다.2. 귀하께서 신고하신 두송방파제 출입 관련으로 불편을 겪으신 점 송구스럽게 생각합니다.3. 귀하의 질의사항에 대한 관련부서 검토의견을 아래와 같이 알려드립니다.? 두송방파제 부근은 산책?낚시 등 이용자들이 많은 곳이나 방파제 지역은 해수욕장과 달리 취사?야영을 금지하는 현행법이 없어 이용자 제한이 어려운 점 양해 부탁드립니다.? 우리 구에서는 이용자들의 안전사고 예방을 위해 위험안내표지판, 위험알림판을   설치하였으며, 테트라포트 출입 통제를 위한 CCTV 설치 등 방안을 검토하고 있습니다.4. 귀하의 질문에 만족스러운 답변이 되었기를 바라며, 답변 내용에 대한 추가 설명이  필요한 경우, 두송방파제 시설 관련 도시정비과(☎220-4721)로 문의하시면 성심껏 답변 드리겠습니다. 감사합니다.  끝."
하수구 막힘으로 하수역류,이송이첩,2024-09-24 10:46:43,없음,사하구 구평동 483-3 번지 태양종합상사 옆 도로에 매설된 하수구 가 막혀하얀액체가 계속 흘러 나오고 있고 사업장 폐수를 무단 방류 하는것으로 추측 됩니다.악취도 나고  폐수룰 무단방류 한다면 합당한 조치를 취하여야 할것이고 조속히 하수구관로를 정비하여 하수가 넘쳐 도로로 흘러나오지 않도록  즉각적인 조치를 요청드립니다.,없음
사하초 앞 지하도 필로티 관련...,답변완료,2024-09-23 13:34:55,안전도시국 건설과,"안녕하세요, 수고 많으십니다.앞선 민원 답변을 읽다보니 사하초 앞 지하도 필로티 공사는 이미 완료되었다고 하시던데요.지금 후문쪽 입구 2개는 아직 필로티 설치가 안 되었고, 정문쪽 입구 2개만 필로티 설치가 되어 있는데, 완료라고 하시는 것이 좀 의아합니다.아이들이 등하교에 가장 많이 이용하고 있는 후문쪽 지하도 입구 2개는 왜 필로티 설치를 하지 않는다는 건지요?연내 지하도 내 문화공간 정비공사를 하실 계획이라고 하셨는데, 이때 후문쪽 필로티 공사도 같이 해주셨으면 좋겠습니다.필로티가 없으니 특히 비가 오는 경우 많이 신경이 쓰입니다. 아이들의 등하교 안전을 위해서 부탁드립니다.","1. 평소 구정 발전에 협조해 주셔서 감사드립니다.2. 귀하께서 접수하신 “사하초등학교 지하보도 정비공사” 문의와 관련하여, 현재 한정된 예산으로 인하여 당장의 추가 캐노피 정비공사는 어려운 실정임을 알려드리며, 공공시설물(캐노피) 추가 설치로 인하여, 인접 건물에 발생하는 조망권 및 일조권 침해 여부 등을 종합적으로 검토ㆍ협의하여 사업 추진(예산확보 등)하겠습니다.3. 기타 문의사항은 사하구청 건설과 김종훈 주무관(051-220-4694)에게 연락주시면 친절히 답변 드리겠습니다.붙임 1. 민원전문 1부.2. 현장사진 1부.  끝."
다대포 축구구장 신청에 대하여 (체육홍보과),답변완료,2024-09-23 22:17:36,자치행정국 체육홍보과,안녕하십니까 저는 자영업을 하는 사람입니다.다름이 아니라 다대포 축구 구장을 사용하려고 예약을 마친 상태입니다.팀이 등록이 안되어 있어서 팀을 등록해야 사용 할 수 있다는 말에이메일로 보내온 파일을 전자 문서 형태로 작성하여 다대포 구장 이메일로 보내었습니다만그 후 입금 해달라는 말이 없이 몇 일 동안 기다리고 있었으며 결국 저희가 구장을 사용을 빨리 확정 하고 싶어서다대포 구장에 연락을 드렸지만 이메일이 확인도 안된 상태 였고 한참 있다가 연락이 와서는 전자로 작성을 하면 안된다라는 말을 하여다대포 구장에서 자필로 써서 스캔을 해서 보내달라고 하며 스캔이 어려울시 사진이라도 찍어서 보내달라고 해서해달라는 방향으로 다 해서 보내줘도 몇일을 기다려도 한참 동안 연락도 없이 기다리기만 하다 다시 또 연락을 드리니확인하고 연락을 주겠다고 하며 그 후 연락에 사진이 어떻네 종이 끝이 잘렸네 등 계속적으로 다시 해달라는 말만 할뿐이 었습니다.인쇄나 스캔이나 이런 것들이 잘 구비되어 있는 회사를 다니는 사람이면 쉬운 문제일수도 있으나 저희 같은 자영업자 또는인쇄나 스캔이 구비 되어있지 않는 회사에 다니는 사람들은 정말 하기 힘든 방식입니다.다대포 구장에서 신청서를 인쇄를 하고 던저 주는 것도 아니며 이메일로 저희에게 보내면서저희한테는 인쇄를 하고 자필로 작성하고 스캔을 하고 보내라라는 것은 말도 안된다라고 생각합니다.그리고 한달에 구장하나라도 구할려고 죽어라 노력하면서 구하는데담당자는 이메일 확인도 안되고 처리 하는 일정도 늦어 매번 저희가 연락을 해야 답장을 얻을수 있는 상황을 만들고 있습니다.다대포 구장 등록하는 방법 변경과 체육홍보과 담당자의 빠른 일처리를 부탁드립니다.알아서 해라 라는 행동과 방치하는 행동을 하지 않았으면 합니다.※ 첨부파일 :개인정보 수집 이용 동의서 -.pdf허가신청서-.pdf다대포 다목적 인조잔디구장 사용 허가 조건- .pdf,"1. 안녕하십니까? 평소 구정에 많은 관심을 가져주신데 감사드리며 귀하께서 신청하신 민원내용에 대해 다음과 같이 답변 드립니다.2. 귀하의 민원내용은 다대포 다목적구장 예약 관련 불편사항 시정요청으로 판단됩니다.3. 우선 다목적구장 이용에 불편을 드려 죄송합니다. 현재 다대포 다목적구장 예약은 사하구청 홈페이지에서 할 수 있으며 예약 당첨 후 신청서 작성 및 확인 등의 절차가 있어 신속히 처리 되지 못한점 사과드립니다. 이용자들이 좀더 편리하게 구장 이용을 할 수 있도록 홈페이지 개선에 대해 검토하고 신속한 업무처리를 위해 더욱 신경쓰도록 하겠습니다.4. 귀하의 질문에 만족스러운 답변이 되었기를 바라며, 답변 내용에 대하여 추가 설명이 필요한 경우 사하구청 체육홍보과(☎ 220-5851)로 문의하여 주시기 바랍니다. 감사합니다."
승학로71번길 광명사 앞 도로 보행자보호구조물 파손된채 1달이상 방치중,답변완료,2024-09-23 10:18:48,안전도시국 건설과,"안녕하세요~승학로 71번길 광명사 앞 도로 보행자 구조물 파손된채 1달이상 방치중입니다.최초로 목격한게 8월 20일인데, 오늘 이시점까지 전혀 손쓰지 않고 있습니다.즉시 복구해주십시오.더불어 상습 파손구간으로, 매번 파손이 잦은데보도블럭을 확장한다거나 다른방안으로 보행자의 안전을 지켜주십시오.※ 첨부파일 :KakaoTalk_20240923_101406955_01.jpgKakaoTalk_20240923_101406955.jpg","1. 귀하의 가정에 건강과 행복이 가득하길 기원합니다.2. 귀하께서 건의하신 파손된 안전난간 정비 요청 및 보행자 안전조치 요청에 대하여 다음과 같이 답변드리니, 답변 내용에 대한 추가 설명이 필요한 경우 건설과 김형준 주무관(☎220-4691)에게 문의하여 주시면 성심껏 답변 드리겠습니다. 감사합니다.□ 민원개요- 민 원 인 : OOO- 민원내용 : 파손된 안전난간 정비 요청 및 보행자 안전조치 요청□ 답변내용- 해당 구간 현장점검 결과 교통사고(택시) 충돌에 의한 안전난간 파손 확인하였으며, 전국택시공제조합(부산지부)에 조속한 정비를 할 수 있도록 인계한 상황임을 알려드립니다.- 또한, 해당 구간은 「당리승학지역주택조합 공동주택 신축공사」로 인해 협소한 보도를 대신하여 불가피하게 차도구간에 보행공간을 확보하였음을 이해하여 주시고공사 완료시 보도 정비계획에 포함되어 있음을 알려드립니다.붙임  1. 상담민원 1부.2. 위치도 및 현장사진 1부.  끝."
동주여자중학교 교사 뒷편 낙석 사고 신고,답변완료,2024-09-23 08:49:57,안전도시국 안전총괄과,동주여자중학교 본관 뒷편 낙석 사고가 발생했습니다.뒷편 일반 가정집 담벼락이 본교 교사로 떨어져 학생들 안전이 우려됩니다.빠른 조치 부탁드립니다.※ 첨부파일 :KakaoTalk_20240923_084154694.jpg담벼락 사진1.jpgKakaoTalk_20240923_084154694_01.jpg,"1. 안녕하십니까, 귀하께서 건의하신 상담민원에 대한 검토 결과를 다음과 같이 알려드립니다.가. 귀하께서 접수하신 민원사항은 동주여자중학교 본관 뒤편 괴정동 378-188번지 일원 담벼락이 일부 탈락하여 위험상태에 대한 조치 요청으로 판단됩니다.나. 해당 담벼락 탈락 현장 확인결과 담벼락의 노후와 집중호우로 인한 파손 및 탈락을 확인 하였습니다.다. 「재난 및 안전관리 기본법」 제5조(국민의 책무)에 따라 시설물의 소유자(점유자)는 자기가 소유하거나 사용하는 시설 등으로부터 재난이나 그 밖의 각종 사고가 발생하지 아니하도록 노력하여야 할 의무가 있으므로, 해당 토지 소유자에게 안전조치 이행하도록 통보하였음을 알려드립니다.라. 또한 추가적인 담벼락 탈락 및 토사 유실이 있을 수 있으므로 해당 현장의 접근을 제한해야 함을 알려드립니다.마. 추가적인 설명이 필요한 경우 사하구 안전총괄과(☎220-4624)로 연락주시면 친절히 안내해 드리도록 하겠습니다. 감사합니다."
사하구 안심주거매니저 확대운영을 건의합니다,답변완료,2024-09-22 14:49:59,주민복지국 복지정책과,"안녕하세요. 저는 부산 사하구에 위치한 대학교에 재학 중인 학생입니다. 현재는 기숙사에서 생활하고 있으며 오는 12월부터 자취를 시작할 예정인데, 본가가 멀어 혼자 방을 알아봐야 하는 상황에 있습니다. 이와 관련하여 안심주거매니저 프로그램의 확대 운영을 건의하고자 합니다.안심주거매니저는 아동복지시설에서 자립을 준비하는 청년들에게 큰 도움을 주는 정책입니다. 하지만 이 프로그램이 자립준비청년에 국한되지 않고, 모든 청년에게 확대될 수 있다면, 더욱 많은 청년들이 안정적으로 주거를 마련할 수 있을 것입니다. 현재 서울과 부산진구에서는 모든 청년에게 이와 유사한 서비스를 제공하고 있으며, 이는 청년들의 자립에 큰 기여를 하고 있습니다.부산 사하구에서도 이러한 정책을 확대하여 다양한 청년들이 혜택을 받을 수 있도록 해주셨으면 합니다. 자취를 고민하는 많은 학생들과 청년들이 보다 안전하고 안정적인 주거 환경을 마련할 수 있도록 도와주시면 좋겠습니다.부디 이 건의가 긍정적으로 검토되어, 사하구의 모든 청년들이 안심하고 주거를 마련할 수 있는 기회를 가질 수 있기를 바랍니다.감사합니다.","1. 평소 구정 업무에 많은 관심을 가져주신데 감사드립니다.2. 귀하께서 제출하신 민원 내용은 사하구 주거안심매니저 사업 확대 운영 건의에      대한 것으로 이해됩니다.3. 사하구는 보호종료 이후 사회에 첫발을 내딛는 자립준비청년들의 주거 안정과 홀로     서기를 지원하는 의미로 주거안심매니저사업을 계획하고 2024년 7월에 11명의 자원     봉사자로 구성된 주거안심매니저를 위촉하였습니다.4. 현재 사업 시행 초기 단계로 홍보에 집중하고 있으며, 자립준비 청년들에게 정보를     제공하고 사하구 전입 시 이용할 수 있도록 시설 및 관계 기관 등 협력을 요청하고     있습니다.5. 주거안심매니저 사업을 일정기간 추진 이후 전체 청년들에 대한 확대, 사업 확대에     따른 주거안심매니저의 예산 지원 등에 대한 검토가 이루어질 예정입니다.6. 기타 궁금하신 사항은 사하구 복지정책과(☎051-220-5961)로 연락주시면 성심껏       답변 드리겠습니다. 감사합니다.  끝."
어제 오늘 비가 많이온후 차도로가 침하된것 같습니다.,답변완료,2024-09-21 17:35:32,안전도시국 건설과,하단오일장 장터찌짐이 가게 앞 차 도로 비가 많이 온후 금일 오후 3시쯤 지나가면서평소에 없던 도로 침하현상을 발견했습니다. 주위에 도로 아스팔트도 부서져 있습니다.확인 및 보수 부탁드립니다.※ 첨부파일 :20240921_172321.jpg20240921_172401.jpg20240921_172254.jpg,"1. 안전한 도로 환경 조성을 위한 귀하의 신고에 감사드립니다.2. 귀하께서 건의하신 민원사항(하단동 619-23번지, 포트홀 정비요청)에 대하여 정비완료 하였음을 알려드립니다.3. 기타 문의사항은 사하구청 건설과 조상균 주무관(051-220-4664)에게 연락주시면 친절히 답변 드리겠습니다.붙임  1. 상담민원 1부.2. 위치도 및 상담민원 1부.  끝.※ 첨부파일 :위치도 및 현장사진.hwp"
음식물 감량기 보조금 지원,답변완료,2024-09-20 13:29:39,교통환경국 자원순환과,보조금 나오는 기기에 해당하는데 어떻게 신청해야하나요,"1. 안녕하십니까, 귀하께서 신청하신 민원에 대한 검토 결과를 다음과 같이 알려드립니다.2. 귀하의 민원내용은 가정용 음식물 감량기 보조금에 관한 것으로 이해되며, 검토의견은 다음과 같습니다.가. 우리 구는 2024년도에는 가정용 음식물 감량기 보조금을 지원하고 있지 않으나, 향후(2025년 이후) 예산이 확보되면 지원계획을 수립하여 추진할 예정입니다.나. 또한, 사업 시행계획 공고 이전 설치한 음식물 감량기에 대해서는 보조금이 소급 지원되지 않음을 알려드립니다.3. 기타 문의사항이 있으신 경우 사하구 자원순환과(☎051-220-4451)로 문의 주시면 답변하여 드리겠습니다. 감사합니다.붙임  2024년9월23일-a0-민원상담목록번호236615.  끝."
다대1동 다대리슈빌 인도 양방향으로 만들어주세요,이송이첩,2024-09-20 20:37:12,없음,다대1동 다대리슈빌쪽 옆 일방통행 도로에 좌측 인도를 없애고 아파트쪽에만 인도를 만들어 보행자는 돌아서 가야되고 여러번 신호등을 기다리고 건너야됩니다 예전처럼 차선은 일차선으로 인도는 양방향으로 다닐수 있도록 조치해주세요※ 첨부파일 :1726831951784.jpg,없음
포스코는 제3자에 의한 객관적이고 공정한 조사 및 평가를 해주시기를 요청합니다.,답변완료,2024-09-20 08:03:17,안전도시국 건축과,"저희집은 지리적 특성상 포스코건설 에서 시행하고 있는 당리승학지역개발조합현장이라고도 할수 있는 자리에 위치해있습니다.23년 말부터 시작된 공사로 인해, 저는 집의 안전문제로 사하구청에 민원을 넣어왔으며, 그로인한 안전대책을 세우기 위해 포스코와  자료를 공유해오고 있습니다.그러나 저희와 같은 일반인은 그런 자료를 봐도 해석할 수가 없었습니다.계속되는 천공작업과 여러 가지 작업으로 인해 저희 집 이곳저곳이 갈라지는 등 여러 문제가 발생을 하였고, 이웃주민들 에게  저희 집이 많이 기울어 보인다는 말을 듣게 되었습니다. 따라서 포스코 에서 제시하는 자료에 불신감이 들었습니다.그러던중 건축,건설에 대한  전문가와 연결이되어 포스코에서 제시한 자료를 보여주고 자문을 받게 되었으며. 그 결과 아래와 같은 내용을 받게 되었습니다.제공된 계측결과의 문제점포스코가 제공한 2024년 2월 20일부터 2024년 6월 27일까지의 건물 기울기 및 균열 측정 데이터는 신뢰할 수 없습니다. 이 데이터는 산발적으로 취득된 40개 미만의 샘플로 구성되어 있으며, 이러한 적은 데이터만으로는 주택의 안정성을 평가하기에 부족합니다. 또한, 포스코가 사용하는 측정장치(eXAD-8)의 정밀도 및 Calibration 데이터가 제공되지 않아, 계측 결과의 신뢰성에 큰 의문이 제기됩니다.기울기 및 균열 관련 데이터 조작 의혹 및 재조사 요구포스코는 건물의 기울기와 균열 측정 결과가 허용 범위 내에 있다고 주장하였으나, 해당 데이터는 전체 건물의 상태를 충분히 반영하지 못하며, 측정 과정에서도 신뢰성을 확보하지 못한 것으로 판단됩니다.불충분한 측정 및 데이터 왜곡포스코가 제시한 T-1, T-2 두 개소의 기울기계 데이터는 전체 건물의 안정성을 평가하기에 불충분하며, 측정 위치와 방법에 있어서 현장 상황을 적절하게 반영하지 못하고 있습니다. 따라서, 본인은 독립된 전문기관에 의한 재조사를 요구합니다. 포스코는 이와 관련한 모든 조사에 적극 협조해야 할 의무가 있습니다.요구사항포스코가 제기한 민원에 대한 해결책으로, 제3자에 의한 객관적이고 공정한 조사 및 평가가 필수적입니다. 포스코가 제공한 계측 데이터를 기반으로 한 어떠한 주장은 신뢰할 수 없으며, 포스코의 주장이 공학적으로 타당하지 않음을 증명하기 위해 추가적인 독립적인 조사가 필요합니다.",1. 평소 구정의 발전에 대한 관심과 협조에 감사드립니다.2. 귀하의 민원 내용은 당리동 54번지 일원 주택건설사업 시공사의 독립된 계측업체를 통한 계측 요청으로 이해되며 검토 결과는 아래와 같습니다.○ 귀하의 민원 내용을 당리동 54번지 일원 주택건설사업 시공자에게 전달하여 독립된 계측업체를 통한 계측업무의 필요성 및 가능 여부 등에 대하여 검토할 것을 요청하였습니다.3. 답변에 대하여 추가 문의 사항이 있는 경우 사하구청 건축과(☎220-4604)로 연락주시면 안내해 드리겠습니다.붙임 : 2024년9월27일-a0-민원상담목록236553 1부.  끝.
현수막게시대 수리 요청,답변완료,2024-09-19 13:06:01,안전도시국 도시정비과,괴정동 550-1 공용 현수막 게시대가 손상되어있습니다빠른 수리 부탁드립니다※ 첨부파일 :20240918_162348.jpg,"1. 평소 구정업무에 깊은 관심을 가져 주셔서 감사드립니다.2. 귀하께서 말씀하신 현수막게시대에 대하여는 현장 확인 후 수리하였음을 알려드립니다.3. 귀하의 신고에 만족스러운 답변이 되었기를 바라며, 답변 내용에 대한 추가 설명이 필요하거나 기타 문의사항은 우리 구 도시정비과(☎051-220-4715)로 연락주시면 성의껏 안내해 드리겠습니다. 감사합니다.붙임 : 정비사진 1부.  끝."
감천동 풀숲 벌레 퇴치,답변완료,2024-09-19 10:12:42,교통환경국 산림녹지과,바쁘신 와중에 민원 하나 부탁드리겠습니다사하구 사하로 84 풀숲에 벌레가 너무 많이 나옵니다 풀도 너무 많고요 벌초 부탁드리겠습니다,"1. 우리구 녹지행정 발전에 관심을 가져주신 데 대하여 깊은 감사를 드립니다.2. 귀하께서 신청하신 민원사항에 대하여 다음과 같이 회신합니다.가. 민원요지○ 사하로 84 풀숲 벌레 퇴치, 제초 등 정비 요청나. 답변요지○ 귀하께서 말씀하신 사하로 84는 빠른 시일 내 제초 등 정비하도록 하겠습니다.○ 최근 녹지대 정비 요청 민원이 증가함에 따라 민원 해소를 위하여 순차적으로 정비 작업 시행 중이오니 기간이 다소 소요되더라도 너그러이 양해해 주시기를 바랍니다.3. 귀하의 질문에 만족스러운 답변이 되었기를 바라며, 답변 내용에 대한 추가 설명이 필요한 경우 사하구 산림녹지과(☎220-4531)로 연락주시면 성실히 안내드리겠습니다. 감사합니다.붙임  상담민원내용 1부.  끝."
사하구청소년 문화의집 조명,답변완료,2024-09-19 16:19:19,주민복지국 가족행복과,사하구 청소년 문화의집에 아이를 보내고 있습니다.지난주 문화의 집에서 행사가 있어사 아이가 그동안  연습했던 악기연주 공연을  보고 감동 받았습니다.아이도 스스로 해냄을 자랑스러워 했습니다.다만 아쉬점이 조금 있어서 이렇게 의견을 남깁니다.아이들의 무대 조명이 너무 초라합니다.무대에 집중할 수 있는 조명이 제대로 라면 보는 관객이나  연주하는 아이들도 좀 더 멋진공연이 될 것 같습니다.고우니홀 시설확충이 필요 할 것 같습니다.,"1. 귀하의 가정에 건강과 행복이 함께 하시길 기원합니다.2. 귀하께서 신청하신 민원에 대하여 다음과 같이 답변 드립니다.가. 민원요지○ 사하구청소년문화의집 내 고우니홀 조명시설 확충 제안나. 답변요지○ 먼저, 사하구청소년문화의집 행사에 참여해 주시고 청소년 복지를 위한 발전방안을       제시해 주셔서 감사드립니다.귀하께서 요청하신 사하구청소년문화의집 내 고우니홀 조명시설 확충은 계획수립,       예산확보 등 검토가 필요한 사안임을 알려드리며, 차후 제안내용이 추진될 수 있도록       부서에서 적극 검토·노력하도록 하겠습니다.3. 답변내용에 대한 추가 설명이 필요한 경우 사하구 가족행복과(☎ 220-5631)로 연락주시면     친절히 안내해 드리도록 하겠습니다. 감사합니다.붙임  상담민원 1부.  끝."
윤공단로 (사하단팥빵부터 이마트24편의점까지) 불법 주차 문제 심각합니다.,답변완료,2024-09-19 10:30:41,교통환경국 주차관리과,"사하단팥빵부터 이마트24 편의점까지 이어지는 차도의 불법 주차 문제가 심각합니다. 양쪽으로 불법 주차된 차량 때문에 올라가고 내려가는 차량의 운전자끼리 실랑이 하는 일은 아마 계속해서 있었던 것 같고 앞으로는 사람이 다치는 일까지 생길 수도 있습니다. 최근에는 내려가는 차량이 올라오는 차량을 계속 양보하다 화가 나서 아예 도로를 막아 잠깐 동안 교통 마비가 일어났던 적이 있습니다. 저는 올라가고 있는 차량들 중 하나였구요. 막고 있는 차량 운전자 분이 온갖 욕을 하고 난리도 아니었어요. 당연히 사람들은 112에 신고를 했죠. 그리고 다음 날, 바뀌는 건 없었습니다.  저는 사람이 갑자기 튀어나올까 조마조마해 하며, 사람은 차량이 갑자기 지나갈까 조마조마해 하며 그곳을 지나가야 하는 건 똑같았죠.그곳은 수시로 인도에서 인도로 건너가는 보행자가 있는 곳입니다. 운전자 입장에서는 사람이 차량 사이에서 갑자기 튀어나오는 상황, 보행자 입장에서는 건너려는데 갑자기 차량이 튀어나오는 상황이 비일비재하게 일어나고 있는 겁니다.상가가 많은 위치라는 특성상 편의점에서 잠깐 뭔가를 사기 위해 비상등을 켜고 정차하는 건 이해합니다. 아마도 그걸 막진 못하겠죠. 그러나 몇 시간씩 혹은 하루종일 주차를 하는 건 막아주십시오. 가게 주인들이 장사에 영향이 있을 수도 있기에 반대할 수도 있겠죠. 그래도 사하구에서는 대화를 통해 해결책을 찾아주세요. 또 사람 다치고 무슨 일 벌어져야 행동할 건가요?사하구 여러 곳에서 불법주정차 강력단속한다는 플랜카드를 보았는데, 제가 운이 없어서 인지는 모르겠으나 제가 지나갈 때는 불법주정차 차량들이 없던 적이 없더군요. 매일 불법주정차 차량 때문에 사고가 나고 사고가 날 뻔한 상황이 수시로 벌어지는 게 현실입니다.","1. 귀하께서 자체접수하여 신청하신 민원에 대한 검토결과를 다음과 같이 알려드립니다.2. 귀하의 민원내용은 “불법주정차 단속요청”에 관한 것으로 판단됩니다.3. 귀하의 질의사항에 대한 검토의견은 다음과 같습니다.가. 우선 귀하께서 해당 지역의 불법주차로 불편을 겪으신 점 송구스럽게 생각합니다.나. 해당 지역에 대하여는 이동식 단속 차량을 이용하여 주차단속을 하고 있으나, 주차단속업무의 특성상 단속 당시에만 효과가 있어 단속에 애로사항이 많은 점 넓은 마음으로 이해하여 주시기 바랍니다.다. 해당 지역에 대해서는 이동식 단속차량을 통한 주차계도 및 단속을 실시하여 불법주차로 인한 귀하의 불편사항이 최소화되도록 하겠습니다.4. 해당 지역의 불법주정차로 인해 생활불편이 발생될 시, 평일 09:00~18:00에는 주차관리과(☎220-4561~5)로, 평일 야간 및 공휴일에는 구청당직실(☎220-4222)로 신고하여 주시면 신속히 불편사항을 처리해 드리겠습니다.5. 귀하의 질문에 만족스러운 답변이 되었기를 바라며, 답변 내용에 대한 추가 설명이 필요한 경우 주차관리과(☎220-4561~5)로 문의하시면 성심껏 답변 드리겠습니다."
보안등 불편신고,답변완료,2024-09-19 20:00:40,교통환경국 교통행정과,신호등 보기 힘들 정도로 눈부십니다 조치바랍니다※ 첨부파일 :KakaoTalk_20240919_195609521_01.jpgKakaoTalk_20240919_195609521.jpg,"1. 안녕하십니까? 귀하의 구정에 대한 관심에 깊이 감사드립니다. 귀하께서 신청하신 민원에 대해 다음과 같이 답변드립니다.2. 귀하의 민원 내용은 괴정로243(괴정동)에 설치된 투광기(횡단보도 집중 조명시설)가 신호등을 보기 힘들 정도로 눈이 부십니다.’에 관한 것으로 판단됩니다. 본 시설물의 경우 따로 밝기 조정이 불가능하므로 각도를 조정하여 횡단보도 이용에 불편함이 없도록 업체에 전달하겠습니다.3. 귀하의 민원에 만족스러운 답변이 되었기를 바라며, 기타 궁금하신 사항이 있으실 경우 사하구청 교통행정과(☎051-220-4560)로 연락 주시면 친절히 안내드리도록 하겠습니다. 감사합니다."
포스코공사,답변완료,2024-09-19 17:04:05,교통환경국 환경위생과,새벽 야간근무하고 오전에 퇴근 했습니다.지금 시간 잠을 자야 출근을 할텐데 내려찍는소리 쿵쿵 거리면서 바닥이 울리니 머리가 지끈거리고 잠을 잘수가 없습니다.피로도가 누적되고 출근에 지장 생기면 책임 지실겁니까?소음측정기만 들고 서있지 말고 개선 좀 하세요,"1. 안녕하십니까? 귀하께서 신청하신 민원에 대한 검토결과를 다음과 같이 알려드립니다.2. 귀하의 민원 내용은 「부산 당리승학 지역주택조합 공동주택 신축공사에서 발생하는 소음 및 분진으로 인한 생활불편」에 관한 것으로 이해됩니다.3. 귀하의 민원사항에 대해 검토한 결과는 다음과 같습니다.- 귀하의 불편사항을 현장관계자에게 전달하여 작업시간 준수, 고소음 작업 시 장비분산 사용, 작업자 교육 실시, 공사장 살수 철저 등 공사장 소음, 분진 최소화 할 수 있는 방안 마련하여 공사장 관리 철저토록 행정지도 하였습니다.- 추후에도 지속적으로 소음피해 발생 시 생활소음규제기준 준수 여부 확인을 위해 귀 댁에서 측정을 요청할 수 있으며, 해당 지역에 대한 지속적인 순찰을 통해 주민불편 사항이 최소화되도록 노력하겠습니다.4. 귀하의 민원에 만족스러운 답변이 되었기를 바라며, 답변 내용에 대한 추가 설명이 필요한 경우 환경위생과 환경지도계(051-220-4397)으로 연락주시면 친절히 안내해 드리도록 하겠습니다. 감사합니다."
부네치아 근처 강변도로 악취문제,답변완료,2024-09-19 09:44:40,교통환경국 환경위생과,연휴기간 차를 타고 운행중 부네치아에서 을숙도대교 아래를 지나갈때까지 계속해서 악취가 차내부로 들어왔습니다. 하루만이 아니고 연휴기간 지날때마다 계속 악취가 났습니다. 이 냄새로 예전 염색업체들 있을때 주변 악취의 악몽이 떠올랐습니다. 친지들 태우고 다대포 보여주고 자랑하고 사하구가 살만한 곳이라고 자랑도 했는데 차내부로 들어오는 망할 악취는 정말 최악이었네요. 다대포로 오는 관광객들이 늘어나고 있는 상황에서 악취로 인해 사하구의 이미지는 나빠질수 밖에 없겠죠. 공무에 많이 바쁘시겠지만 주변 환경 점검 꼭 필요하고 이 냄새를 잡아야 할 것 같습니다. 요즘같은 시대에 정말 이해하기 힘드네요.,"1. 안녕하십니까? 귀하께서 신청하신 민원에 대한 검토 결과를 다음과 같이 알려드립니다.2. 귀하의 민원내용은 “강변대로 공단 악취 발생”에 관한 것으로 이해됩니다.3. “강변대로 공단 악취 발생”에 대해 검토한 의견은 다음과 같습니다.가. 강변대로와 인접한 공단 내 환경순찰 중 악취 감지되었거나, 악취배출시설에 해당하는 사업장에 대해 현장확인을 실시하였고,나. 일부 악취가 감지된 사업장에 대해 악취오염도 검사를 실시하여, 그 검사 결과에 따라 적의조치할 예정임을 알려드립니다.다. 한편, 사업장 관계자에게 민원사항을 전달하고, 시설을 적정 관리하여 악취발생 저감하도록 행정지도하였습니다.4. 귀하의 질문에 만족스러운 답변이 되었기를 바라며, 답변 내용에 대한 추가 설명이 필요한 경우, 사하구 환경위생과(☏051-220-0082)으로 연락주시면 친절히 안내해 드리도록 하겠습니다. 감사합니다."
뉴코아 아울렛 뒤쪽 골목 흡연 및 쓰레기투척 문제 해결,답변완료,2024-09-18 17:01:08,교통환경국 자원순환과,"안녕하십니까. 저는 위에 주소에 해당되는 모란빌딩 건물주의 며느리입니다.아버님이 인터넷접수를 잘 하지 못하셔서 제가 대신 전합니다. 민원처리 결과는 저 혹은 아버님 어느 분께라도 가능합니다.(번호 2가지 기록됨)뉴코아 아울렛 과 괴정시장 입구에 30년 넘게 우리 건물이 있습니다. 건물 뒤로 연결되는 골목은 샛길로 자주 이용되지만. 큰 아울렛 뒤에 좁은 골목은 마치 우범지대처럼 청소년, 노인, 장사하시는 분들, 술에 취한 사람들 등등 할 것 없이 3355 모여서 담배 피고 수다 떨고 노상방뇨 및 쓰레기 투척으로 몸살을 앓고 있습니다.길거리 횡단보도 주변 흡연 금지, 사유 건물 앞 흡연 금지 팻말이 붙어있어도 아랑곳 하지 않고 너무 많은 사람들이 담배를 피고 꽁초를 버립니다. 침을 뱉고 마시다 버린 음료수 컵도 나뒹굽니다.80이 다 되어가는 저희 시부모님은 하루가 멀다 않고 내려오셔서 치우고 치우고. 해도 도무지 답이 없습니다.표지판을 붙이고 구청에 민원을 넣어도 큰 쓰레기 봉투만 주고 갈 뿐 아무 해결책이 없습니다.이번 추석에도 건물 주변 철조망 틈새로 화단에 던진 쓰레기들을 청소하는데 가족들이 모두 나와  한참을 고생하고 간판을 새로 붙였지만.치우고 있는데도 끝없이 담배 피고 꽁초를 버리는 사람들 때문에 너무 힘들었습니다.쓰레기 투척모습과 치우는 현장 모습, 우범지대 모습 사진은 첨부파일을 참고바랍니다.길거리 금연은 엄연한 규칙인데. 아무도 지키질 않습니다. 다 핀 꽁초를 호주머니에 들고 다니는 사람은 없을 겁니다. 전부 버리고. 눈치 보면서 하수구멍에 버립니다. 하수구가 막히고 악취가 나면 결국 구청 일만 많아집니다.늘 되풀이되는 문제들 떄문에 시부모님 및 우리 가족들의 스트레스가 너무 심각합니다. 조치를 부탁드립니다. 저희가 바라는 내용은 다음과 같습니다.1. 구청관할로 차라리 쓰레기통을 3~4개 설치하고. 구청 차원에서의 정기적인 관리를 부탁합니다.2. 한번씩 순찰을 나와서 이 곳이 금연구역임을 인지시켜 주시기 바랍니다.3. 필요한 경우 저희는 부산 뉴스에 제보할 의향도 있습니다.사하구 괴정의 시민수준이 이 정도인가......어제 쓰레기를 치우며 든 생각이고, 결여된 시민 의식에 놀랄 따름입니다.괴정시장과 뉴코아아울렛은 우리 괴정동의 핵심 지역이고 우리 동네의 얼굴이라고 생각합니다.정말 많은 유동인구가 오고가는 이 곳에 주민들이 및 학생들이 담배연기에 노출되고,  그에 따른 쓰레기들로 고통받고 있습니다.구청차원에서의 관심과 관리를 간곡히 부탁합니다.동네 주민들이 좀 더 쾌적하고 꺠끗한 환경에서 지내고 금연을 실천할 수 있도록 사하구청의 협조를 구하는 바입니다.빠른 시일 내에 실사를 나오셔서 해결해주시면 감사하겠습니다.사진은 첨부목록이 3장 뿐이라 3장만 첨부합니다.(1. 건물주변 쓰레기 투척된 모습 2. 연휴에 가족들이 쓰레기 치우고 푯말을 붙이는 모습  3. 뉴코아아울렛과 우리 건물 사이 우범지대 사진.(청소 후 찍은 사진)여러가지로 고충이 많으실 것으로 압니다.정말 수고가 많으십니다. 저희도 최대한 협조할 수 있으니 구청의 관리와 협조를 부탁합니다.감사합니다.※ 첨부파일 :KakaoTalk_20240917_131620237_08.jpgKakaoTalk_20240917_131620237_12.jpgKakaoTalk_20240917_131620237_01.jpg","1. 평소 구정 발전에 관심을 주셔서 감사드립니다.2. 귀하의 민원내용은 ‘괴정시장 입구의 모란빌딩 골목의 쓰레기 청소, 흡연 단속과뉴코아 아울렛 횡단보도(5미터 이내)의 흡연 단속’에 관한 것으로 이해되며 검토의견은 다음과 같습니다.3. 먼저, 귀하께서 요청하신 쓰레기통 설치는 아래와 같은 사유로 시행이 어려움을양해 바랍니다.가. 가로 휴지통 설치 시 그 주변으로 무단투기의 온상지가 되는 등의 부작용이많아, 가로 휴지통의 철거를 요청하는 민원이 지속적으로 제기되고 있습니다.나. 이러한 사정으로 이미 설치된 가로 휴지통도 철거하고 있는 상황임을 양해해주시기 바랍니다. 환경미화원에 작업지시 및 무단투기 계도(과태료 부과) 등을통하여 깨끗한 환경이 되도록 노력하겠습니다.4. 그리고, 금연 단속에 관한 답변입니다.가. 괴정시장은 금연전통시장으로 지정되지 않아 금연 단속을 강제할 근거가 없음을알려드립니다.나. 또한, 아울렛 주위의 횡단 보도의 경우 현장을 방문 점검 한 바 5미터 이내 금연       구역에 대하여 전반적인 금연 단속 및 계도 활동을 실시하였습니다. 앞으로도주민분들의 간접흡연 예방을 위해 지속적인 금연단속 및 계도·홍보활동에 노력을 다하겠습니다.3. 기타 문의사항이 있으신 경우에는 사하구 자원순환과☎220-4434), 사하구보건소건강증진과 (☎220-5715,5777)로 연락하여 주시면 친절히 안내해 드리도록 하겠습니다.감사합니다.  끝."
도로통행 관련 문제,답변완료,2024-09-17 12:27:58,안전도시국 건설과,안 그래도 좁은 도로인데 집 앞에 화분을 놔둬서 차량 통행에 있어서 너무 불편합니다빠른 조치 부탁드립니다.주소는 승학로 281번안길 16입니다※ 첨부파일 :20240917_115401.jpg20240917_115358.jpg,"1. 안전한 도로환경 조성을 위한 귀하의 관심에 감사드립니다.2. 귀하께서 말씀하신 적치물 정비 요청에 대하여 확인한 결과, 적치물이 위치한 곳(괴정동 1063-34)은 개인 소유지로 도로법을 적용하여 정비하기 어려움을 양해해 주시기 바랍니다.3. 기타 문의사항이 있으실 경우 사하구청 건설과 담당자 김학(☎ 051-220-4661)에게 연락해주시면 친절히 안내하도록 하겠습니다.  끝.※ 첨부파일 :위치도 및 현장사진(괴정동 1063-34).hwp"
펜스 부서짐,답변완료,2024-09-16 17:16:18,안전도시국 건설과,구평동 이편한세상 사하 1차 교차로 쪽 펜스가 부서졌어요. 조치해 주세요.※ 첨부파일 :20240916_132618.jpg,1. 안전한 보행환경 조성을 위한 귀하의 신고에 감사드립니다.2. 귀하께서 건의하신 구평동 e편한세상 1차 회전교차로 일원 안전펜스 정비는 빠른 시일내 정비(`24년 10월 완료 예정)하여 불편함이 없도록 하겠습니다.3. 기타 문의사항은 사하구청 건설과 김창우 주무관(051-220-4704)에게 연락주시면 친절히 답변드리겠습니다.붙임  1. 민원전문 1부.2. 위치도 및 현장사진 1부.  끝.
가로수 복원해 주세요,답변완료,2024-09-16 17:29:21,교통환경국 산림녹지과,구평동 금호아파트 정류장(14번 버스 정류장)근처 키작은 가로수가 다 잘려나갔네요. 3~4년전쯤인가 사하구청에서 가로수를 대대적으로 심었었는데요...제가 사진 찍은 부분으로 낮은 가로수가 다 잘려 나갔네요. 비교는 맞은편 가로수를 보시면 될것 같고요 사이사이에 있던 가로수 살펴보시고 복구작업 해주시면 감사하겠습니다.※ 첨부파일 :20240916_132409.jpg,"1. 우리구 녹지 발전행정에 관심을 가져주신데 대하여 깊은 감사를 드립니다.2. 귀하께서 안전신문고로 신청하신 민원(접수번호 202409161729212162)에 대하여 다음과 같이 답변 드립니다.가. 민원요지○ 구평동 117-15 주변 가로수 복구 요청나. 답변요지○ 구평동 117-15 주변 훼손된 가로수는 10월 중 빠른 시일 내에 정비하도록 하겠습니다.○ 향후 가로수 보식 계획을 수립하여 순차적으로 복구하도록 하겠습니다.3. 귀하의 질문에 만족스러운 답변이 되었기를 바라며, 답변내용에 대한 추가 설명이필요한 경우 사하구 산림녹지과(☎051-220-4534)로 연락주시면 친절히 안내해 드리도록 하겠습니다. 감사합니다.  끝."
포스코 공사 시간이 오전 7시부터인가요?,답변완료,2024-09-14 07:29:17,교통환경국 환경위생과,주말에 잠을 자야 하는데 7시부터 포크레인이 작동하면서 돌싣는 소리가 납니다.주말에 직장인들은 잠을 자야 하는데 왜 개선되지 못하는지 모르겠습니다.문도 열어놓고 있지않은 데 쿵쾅 소리가 나서 잠이 깼습니다.부영벽산 블루밍 아파트 101동은 아파트 공사장이라고 봐도 됩니다. 작은 소리도 울려서 다 들어옵니다.아침에 조회소리도 들릴 정도입니다.공사 시작시간은 9시부터 아닌가요? 평상시 6시에 차들어오는 소리 6:30즈음이면 본격적으로 뭔가 싣기 시작하고 7시 즈음에는 공사를 시작하는 것 같습니다. 주말에는 소음이 더 심하구요 지난번에도 주말 소음 문의 했습니다. 그런데 그 민원이 안 보입니다. 주말에 공사 소음 측정 부탁드리고 공사 시작시간이 언제인지 궁급합니다.※ 첨부파일 :20240914_0724현재.mp4,"1. 안녕하십니까? 귀하께서 신청하신 민원에 대한 검토결과를 다음과 같이 알려드립니다.2. 귀하의 민원 내용은 「부산 당리승학 지역주택조합 공동주택 신축공사에서 발생하는 소음 및 분진으로 인한 생활불편」에 관한 것으로 이해됩니다.3. 귀하의 민원사항에 대해 검토한 결과는 다음과 같습니다.- 귀하의 불편사항을 현장관계자에게 전달하여 작업시간 준수, 고소음 작업 시 장비분산 사용, 작업자 교육 실시,  공사장 살수 철저 등 공사장 소음, 분진 최소화 할 수 있는 방안 마련하여 공사장 관리 철저토록 행정지도 하였습니다.- 추후에도 지속적으로 소음피해 발생 시 생활소음규제기준 준수 여부 확인을 위해 귀 댁에서 측정을 요청할 수 있으며, 해당 지역에 대한 지속적인 순찰을 통해 주민불편 사항이 최소화되도록 노력하겠습니다.4. 귀하의 민원에 만족스러운 답변이 되었기를 바라며, 답변 내용에 대한 추가 설명이 필요한 경우 환경위생과 환경지도계(051-220-4397)으로 연락주시면 친절히 안내해 드리도록 하겠습니다. 감사합니다."
나사풀리고 넘어지고,답변완료,2024-09-13 13:06:24,교통환경국 주차관리과,구평동 이편한세상 2차 앞 회전 교차로에 이리 되어있네요. 봉 이름을 잘 몰라서...넘어지고 나사가 풀린것도 있어서 조치해 주십시요.※ 첨부파일 :20240913_122004.jpg,"1.귀하께서 안전신문고에 제출하여 우리 구로 이첩된 민원에 대하여 다음과 같이 답변 드립니다.2. 귀하의 민원내용은 시선유도봉에 관한 것으로 판단됩니다.3. 귀하의 질의사항에 대해 검토한 의견은 다음과 같습니다.- 해당 위치에 파손된 시선유도봉에 대해서는 보수조치 하도록 하겠습니다.- 다만, 시선유도봉 설치 및 보수 요청 민원 수요가 많은 관계로 순차적으로 진행됨을 양해바랍니다.4. 귀하의 질문에 만족스러운 답변이 되었기를 바라며,답변 내용에 대한 추가 설명이 필요한 경우 주차관리과(☎220-4561~5)로 문의하시면 성심껏 답변 드리겠습니다."
감천2동 소규모 주차장 조성공사2,답변완료,2024-09-13 16:58:45,교통환경국 교통행정과,"안녕 하십니까?1.먼저 (답변일자 2024.09.10) 민원접수에 대한 답변 감사드립니다2.사하구 예산 부족으로 본 사유지 포함되지 못한점 충분히 이해는 갑니다그러나 시공 과정에서 발생 할수있는 여러가지 문제점들을 최소화 하여 공사하겠다는메뉴얼적인 답변 보다는 문제가 발생했을시 보상및보수를 해주겠다는 진취적인 답변을 원하는 것입니다공사가 마무리 된 후 공사 관계자가 바람처럼 사라지는면, 거주지 주민은 분통하고억울 할것이 뻔하기 때문에구청 담당 부서 에서는 미리 손을 써주시어 불미스러운 일이 발생하지 않도록 힘을 보태주시길 당부합니다최소한의 확인서 라도 받아주셨으면 합니다(뒤탈없게~~~~)그래야 활동성 있고 일 잘하는 사하구 공무원 이라고 칭찬할것 아닙니까?3.그리고 3번 다, 와 라, 의 답변은 만족합니다(상세설명,지적경계복원측량,상부도로 연결통로)","1. 안녕하십니까? 평소 우리 구정 업무에 관심을 가져주셔서 감사드리며, 귀하께서 신청하신 민원(접수번호 202409131658451721)에 대한 검토 결과를 다음과 같이 알려드립니다.2. 귀하의 민원내용은 “감천2동 소규모 공용주차장 조성공사 관련 민원”에 관한 사항으로 판단됩니다.3. 귀하의 민원에 대한 검토결과는 다음과 같습니다.가. 우선적으로 감천2동 소규모 공영주차장 조성공사”를 시행함에 있어 공사 현장 안전관리 및 공정관리를 철저히하여 인접지의 피해가 최소화 될 수 있도록 계획 및 시공하도록 하겠습니다.나. 또한, 공사 시행과정에서 귀하의 건축물 등에 피해사항이 발생할 경우 관련 법령에 따라 조치될 수 있도록 하겠습니다.4. 귀하의 민원에 만족스러운 답변이 되었기를 바라며 답변 내용에 대한 추가 설명이 필요한 경우, 사하구 교통행정과 김일희(☏051-220-0192로 연락주시면 친절히 안내해 드리도록 하겠습니다. 감사합니다.붙임  민원 내용 1부.  끝."
다대도서관 불편사항,답변완료,2024-09-12 23:53:20,도서관,다대도서관 열람실 에어컨 바람방향이 아랫쪽으로 향하도록 고정돼있어서 냉기가 바닥 쪽으로만 너무 많이 적체됩니다. 앉아 있다보면 다리 쪽이 으슬으슬합니다. 금속재질로 된 의자 다리 부분이 아주 차가울 정도로 냉각될 정도이니 사람 건강에도 좋을리 없어 보입니다.차가운 바람이 순환될 수 있도록 바람방향을 상하로 회전하도록 설정해 주시기 바랍니다.또한 장시간 냉방으로 건강에 불편이 생기지 않도록 바람세기도 너무 강하지 않도록 살펴봐 주시기 바랍니다.,"1. 다대도서관 운영에 많은 관심을 가져주셔서 감사드리며 귀하께서 요청하신 내용에 대하여 다음과 같이 답변드립니다.2. 귀하의 민원내용은 “냉방으로 인한 불편”에 관한 것으로 이해됩니다.3. 귀하의 요청사항에 대해 검토한 의견은 다음과 같습니다.가. 열람실 내 에어컨 바람 방향을 회전으로 변경하여 공기 순환이 되게 조치하였습니다.나. 환절기인 만큼 기온을 고려하여 온도조절에 신경쓰도록 하겠습니다.4. 귀하의 질문에 만족스러운 답변이 되었기를 바라며, 추가로 더 궁금하신 사항이 있으시면 다대도서관 이하영 주무관(051-220-5865)에게 연락해 주시면 친절히 안내해 드리겠습니다. 감사합니다."
신평역 주변 불법차량 주차단속,답변완료,2024-09-12 12:58:21,교통환경국 주차관리과,신평역 앞 도로에 불법주차차량으로 인해 출퇴근시 차가 상당히 많이 막히고 사고 위험도 매우 높습니다.불법주차차량 집중단속을 부탁 드립니다.,"1. 귀하께서 자체접수하여 신청하신 민원에 대한 검토결과를 다음과 같이 알려드립니다.2. 귀하의 민원내용은 “불법주정차 단속요청”에 관한 것으로 판단됩니다.3. 귀하의 질의사항에 대한 검토의견은 다음과 같습니다.가. 우선 귀하께서 해당 지역의 불법주차로 불편을 겪으신 점 송구스럽게 생각합니다.나. 해당 지역에 대하여는 이동식 단속 차량을 이용하여 주차단속을 하고 있으나, 주차단속업무의 특성상 단속 당시에만 효과가 있어 단속에 애로사항이 많은 점 넓은 마음으로 이해하여 주시기 바랍니다.다. 해당 지역에 대해서는 이동식 단속차량을 통한 주차계도 및 단속을 실시하여 불법주차로 인한 귀하의 불편사항이 최소화되도록 하겠습니다.4. 해당 지역의 불법주정차로 인해 생활불편이 발생될 시, 평일 09:00~18:00에는 주차관리과(☎220-4561~5)로, 평일 야간 및 공휴일에는 구청당직실(☎220-4222)로 신고하여 주시면 신속히 불편사항을 처리해 드리겠습니다.5. 귀하의 질문에 만족스러운 답변이 되었기를 바라며, 답변 내용에 대한 추가 설명이 필요한 경우 주차관리과(☎220-4561~5)로 문의하시면 성심껏 답변 드리겠습니다."
감천동 천해로101 ~ 감천 문화마을 입구까지 도로 들개 / 길고양이 포획,답변완료,2024-09-12 22:08:55,경제혁신국 해양수산과,천해로101 산복도로 ~ 감천문화마을 입구까지들개가 너무 자주 보입니다대중교통 이용  산책  걸어서 이동할때마다 보입니다특히 저녁8시~10시잡기 힘든건 알지만 뭔가 대책이 필요할듯합니다길고양이도 울어대고 들개는 불안하고 마음편히 돌아다닐수가 없네요,"1. 귀하께서 신청하신 민원내용은 천해로에서 감천문화마을 인근 돌아다니는 들개 무리와 길고양이 중상화수술에 관한 것으로 판단됩니다.2. 귀하의 민원사항에 대해 검토한 의견은 다음과 같습니다.가. 우리 구에서는 귀하의 민원에 따라 들개포획을 위해 현장을 찾아갔으나 들개무리를 발견하지는 못하였습니다나. 다만, 천해로에서 감천문화마을 인근에 돌아다니는 들개무리 포획을 위하여 포획팀에 포획지시를 내렸고 최대한 빨리 잡을 수 있도록 노력하겠습니다.다. 또한 길고양이 중성화수술 신청을 위해서는 중성화시킬 길고양이의 위치를 명확히 말씀해주셔야 하며, 처리에는 시간이 많이 걸릴 수 있음을 양해해주시기바랍니다.3. 귀하의 질문에 만족스러운 답변이 되었기를 바라며, 답변 내용에 대한 추가 설명이  필요한 경우 사하구청 해양수산과(☏220-0102)로 연락주시면 친절히 안내해드리도록 하겠습니다. 감사합니다.붙임  2024년9월25일-a0-민원상담목록번호235473.  끝."
다대포 해수욕장 cctv,이송이첩,2024-09-10 15:03:12,없음,"0825 일 다대포 해수욕장에서 오전 11:25 ~ 11:50 사이 30분이 채 안되는 시간에 다대포 해수욕장 내 파라솔에서 가방을 도난 당했습니다가방과 가방 속 물품 피해자가 4명이나 되며, 현물로 따지면 400 만원 이상의 물품이 도난 당했고 cctv 상으로 얼굴만 자세히 안 보일 뿐 도난 하는 장면, 시간, 위치 모두 정확하게 나와있습니다 . 하지만 경찰로부터는 동선이 끊겨 어디로 간 지 모르겠다는 식의 대답만 들었습니다무능키도 한데 그 큰 해수욕장 내 cctv가 너무 적다는 생각이 들었습니다만약 해수욕장에서 살인이 일어났다면  그 때도 cctv가 너무 적어 동선이 끊겨 어디로 간 지 모르겠다고 하시진 않을텐데 제 경우에만 답답한가요  여름 파출소라고 열어 놓고 여름 파출소 경찰서에서는 아무 권한도 없다며 도와줄 수 있는 게 없다고 하셨습니다관리센터에서는 cctv를 본인들은 실시간으로만 볼 수 있고 동명대에서 관리한다고 교수님이 승인을 하셔야 녹화본을 볼 수 있다고 하시더군요이게 뭡니까 바로 다음날 경찰 동행해서 간다고 하니 저 교수님께서 협회가 있다고 안된다고 다른 날에 오라고 하시더군요도와주실 부분 없습니까 ?",없음
보건소 간디스토마 시 주의사항 알림 관련,답변완료,2024-09-10 11:29:55,보건소 보건행정과,"9월6일 사하보건소에 간디스토마 검사(대변)를 위해 방문. 검사용 대변통 받음9월8일 오후 대변 검체통에 담음9월9일 사하보건소 오전9시 방문, 접수후 검사하는 부서직원들이 검사가 안된다고함(검사전에 바로 본 대변아니면 안된다함. 일반병원에서 피검사 권유)민원사항1. 간디스토마 검사를 위해 검체통 교부시 주의사항 반드시 안내 및 안내문 비취2. 대변 검체가 검사전 바로 본것이 아니면 안된다는것이 맞는지 의문.? ? 주기적으로 간디스토마 무료 시행보건소에 문의 결과 1일전것도 상관없다함. 보통 다 하루전걸 가져온다함첨언하자면 해당검사를 하기 싫다면 검사항목에서 빼는게 더 나을것 같습니다.","1. 평소 우리 구 보건행정 업무에 관심을 가져주신데 대하여 감사의 말씀 드립니다.2. 귀하의 민원내용은 간디스토마 검사 시 주의사항 안내에 관한 것으로 이해 됩니다.3. 귀하의 민원사항에 대해 검토한 의견은 다음과 같습니다.가. 간디스토마 검사방식에 대한 사전 안내가 부족하여 불편을 겪으신 부분에 대해 진심으로 사과드립니다.나. 추후 상기 민원이 재발하지 않도록 민원실 및 임상병리실에서 보다 더 정확하고 세심하게 안내하도록 주의를 기하겠습니다.4. 귀하의 질문에 만족스러운 답변이 되었기를 바라며, 답변 내용에 대한 추가 설명이 필요한 경우 보건행정과 손정희 주무관(☏051-220-5707)에게 연락주시면 친절히 안내해 드리도록 하겠습니다. 감사합니다."
살다살다 이런 민원처리 처음 봅니다.,답변완료,2024-09-10 15:23:57,자치행정국 민원여권과,2024.9.10 오후에 업무상 여권기록증명서가 필요하여 신청을 하러갔다.민원처리 담당자가 수수료 천원이라해서 나는 국가유공자 유족증을 보여주며 다른 기타 증명서는 무료인데 여권기록증명서는 해당안되냐고민원인 자격으로 질문을 하니 대뜸 옆에 있는 직원이 -해외로 놀러가는건 안됩니다(그것도 큰소리로 여러번에 걸쳐 짜증내듯) - 그 말도 황당하지만 증명서 발급과 해외로 놀러가는건 안된다니 그게 무슨 당나라 말도아니고 더 가관은 담당자는 돈 천원 없냐고 조롱조로 말을 하고 ..국가유공자유족증은 각종 증명서는 무료이지만 여권기록증명서는 수수료있다고 설명해주는게 공무원의 민원처리 자세 아닐까요?여권기록증명서와 해외로 놀러가는건 무슨 연관성이 있나요?오늘도 열심히 일 하시는 사하구청 직원들께 고마운 마음 전하면서 불쾌한 마음도 전합니다.,"1. 안녕하십니까? 먼저 우리 구정의 발전에 관심을 가져주신데 대하여 감사드리며,귀하께서 제출하신 민원에 대해 다음과 같이 안내드립니다.2. 귀하의 민원 내용은“여권 기록 증명서 발급” 과정에서 직원의 업무 안내 태도 개선에     관한 것으로 이해되며, 검토한 의견은 다음과 같습니다.가. 먼저 사하구에서 불편을 겪으신 부분에 대해 사과의 말씀을 드립니다.나. 여권발급(증명서 포함)에 관한 모든 업무는 외교부 소관 업무로서 각 지방자치단체에서       업무을 대행 하고 있으며. 그에 따른 수수료는 여권법 제22조 1항에 의거 외교부       에서 관할 하고 있습니다.다. 미숙한 안내로 불쾌감을 끼쳐드린 점에 대해 다시 한번 사과 말씀 드리며, 담당 직원에대한 친절교육을 실시하여 보다 나은 행정서비스를 제공 하도록 최선을 다하겠습니다.라. 아울러 무인민원발급기에서 여권발급 기록 증명서 등 4종을 무료로 발급이 가능함을안내드리오니 참고 하시기 바랍니다.3. 귀하의 질문에 만족스러운 답변이 되었기를 바라며, 답변 내용에 대한 추가 설명이필요한 경우 민원여권과 임영애 주무관(☏051-220-4811)에게 연락주시면 친절히안내해 드리도록 하겠습니다. 감사합니다.붙임  2024년 9월23일-a0-민원상담목록번호235064 1부.  끝."
전국 지역 및 산학 국가지원 최적 융복합 LMS 법정교육 의무화,답변완료,2024-09-10 17:54:52,자치행정국 민원여권과,"전국 지역 및 산학 국가지원 최적 융복합 LMS 법정교육 의무화와 주민등록증,학생증,계좌,카드,맞춤의 증명증 및 증명서 발급시 그리고 국가 융복합 시너지 작용을 적극 활용한 국가~지역~산학 치안 및 융복합 시너지 협력 법정교육 및 국가 지원 통합 시스템 맞춤최적 고지 지능정보화가 필수입니다.인사혁신처 및 고용노동부 국가 관리책임과 함께하는 고용노동 시험장~면접장에서 탈락시 탈락자 전원 관련 직무 지원 제도 체계망 일괄 고지 및 관련 맞춤 최적 고용노동 체계망 일괄 고지 국가 지능정보화 책임의무 이행이 필수입니다.정부,국회,책임기관,정치권,시사언론뉴스방송사 등등으로 국민제안 공유 중입니다.","1. 안녕하십니까? 귀하께서 우리 구 홈페이지에 방문하셔서 신청하신 민원에 대한 검토결과를 다음과 같이 알려드립니다.2. 귀하께서 신고하신 민원은 전국 지역 및 산학 국가지원 최적 융복합 LMS 법정교육     의무화 등에 관한 사항으로 이해되나, 부산광역시 사하구 자치법규에 의한 우리      기관의 업무 범위에 해당하지 않으며 광범위한 민원 요지로 인하여 소관 기관으로     이송할 수 없는 점 양해바랍니다.3. 기타 궁금하신 사항은 사하구 민원여권과 김경민 주무관(☎051-220-4264)으로 문의     주시면 친절히 답변 드리겠습니다. 감사합니다.붙임: 2024년9월11일-a0-민원상담목록번호235090.  끝."
감천로109번길 전봇대 껍질 다 벗겨져서 위험해요,이송이첩,2024-09-10 11:49:55,없음,"길거리 전봇대에 붙어있는 안전 표지판 껍질이 다 벗겨져서보기에도 안좋고날카로워서 보행자들을 위협하고있습니다..볼때 마다 너무 위험하다고 생각했는데, 아무런 조치가 취해지지 않아 민원넣어봅니다.※ 첨부파일 :KakaoTalk_20240910_114444098_02.jpgKakaoTalk_20240910_114444098_01.jpg",없음
가락타운2단지 옆 황토길에 해충퇴치제 등이 필요합니다,답변완료,2024-09-09 09:48:05,교통환경국 산림녹지과,수고많으십니다가락타운2단지 옆 황토길을 만들어주셔서 정말 감사합니다황토길에서 맨발걷기운동을 애용하고 있습니다.황토길이 나무숲 사이 라서 벌레가 많습니다그래서 좀 더 쾌적한 황토길이 되기를 바라면서 2가지 건의드립니다1. 황토길에 해충퇴치기 설치를 부탁드립니다저녁에는 어둡기 때문에 해충퇴치기를 설치하면 밝은 등 역할도 할 수 있을 것이므로해충퇴치기 설치를 꼭 부탁드립니다2. 가장 위험해 보였던 곳에 펜스를 설치 해서 정말 다행이었습니다그런데 빌라 중간사이에 낭떠러지 위험이 있는 곳이 있습니다그런 곳 까지 세심하게 펜스를 설치해주시면 좀 더 안전한 황토길이 될 거이라고 생각합니다수고하십시요,"1. 우리구 공원 발전행정에 관심을 가져주신데 대하여 깊은 감사를 드립니다.2. 귀하께서 신청하신 민원사항에 대하여 다음과 같이 회신합니다.가. 민원요지○ 가락타운2단지 옆 황톳길 해충퇴치기 및 펜스 설치 요구나. 답변요지○ 해충퇴치기 설치 관련에 대해서는 관련부서(보건행정과)에 전달하여 검토하           도록 하겠습니다.○ 펜스 설치 요청 관련 현장확인 결과 위험 구간이 확인되었습니다. 해당               일부구간에는 방음벽을 설치 할 예정이며, 이 외 구간에는 위험해소를 위한정비를 추진하겠습니다.3. 귀하의 질문에 만족스러운 답변이 되었기를 바라벼, 답변 내용에 대한 추가 설명      이 필요한 경우 사하구 산림녹지과(220-4521)로 연락주시면 성실히 안내해드리겠습니다.붙임 상담민원내용 1부.  끝."
당리 포스코 현장 소음 문제,답변완료,2024-09-09 14:43:21,교통환경국 환경위생과,당리포스코 건설현장 소음이 너무 심합니다구청 및 건설사무소에 문의하였으나 소음저감등 실질적대책으로 이어지지 않고 있습니다구청에서는 소음 기준치를 초과하여 행정조치하겠다 고 하였으나이후에도 현장소음은 전혀 개선이 이루어지지 않고 있습니다실질적인 저감이 있을 수 있도록 행정처리 부탁드립니다주변 많은 주민들이 고통받고있습니다,"1. 안녕하십니까? 귀하께서 신청하신 민원에 대한 검토결과를 다음과 같이 알려드립니다.2. 귀하의 민원 내용은 「부산 당리승학 지역주택조합 공동주택 신축공사에서 발생하는 소음 및 분진으로 인한 생활불편」에 관한 것으로 이해됩니다.3. 귀하의 민원사항에 대해 검토한 결과는 다음과 같습니다.- 귀하의 불편사항을 현장관계자에게 전달하여 작업시간 준수, 고소음 작업 시 장비분산 사용, 작업자 교육 실시,  공사장 살수 철저 등 공사장 소음, 분진 최소화 할 수 있는 방안 마련하여 공사장 관리 철저토록 행정지도 하였습니다.- 추후에도 지속적으로 소음피해 발생 시 생활소음규제기준 준수 여부 확인을 위해 귀 댁에서 측정을 요청할 수 있으며, 해당 지역에 대한 지속적인 순찰을 통해 주민불편 사항이 최소화되도록 노력하겠습니다.4. 귀하의 민원에 만족스러운 답변이 되었기를 바라며, 답변 내용에 대한 추가 설명이 필요한 경우 환경위생과 환경지도계(051-220-4397)으로 연락주시면 친절히 안내해 드리도록 하겠습니다. 감사합니다."
당리 포스코 공사 소음,답변완료,2024-09-09 13:30:10,교통환경국 환경위생과,안녕하세요. 포스코 공사 소음 관련 민원 남깁니다.공사 소음 너무 시끄럽습니다. 기계로 땅 한 번 칠 때 마다 머리가 울립니다.그리고 새벽과 아침에 너무 시끄럽습니다. 오후 6시까지 공사하면서 대체 하루에 몇 시간을 공사하는 거죠? 공사 때문에 잠을 못 자겠습니다.신경관련 질환이 있는데 수면과 소음에 영향을 받습니다. 진짜로 시끄러워서 미칠 것 같아요.. 노이로제 걸리기 일보직전입니다.공사 완공 예정까지 3년 남았던데 도저히 못 버티겠습니다.구청에서 조치를 취해서 사하구에 사는 구민들을 보호해주시길 바랍니다.제발 부탁 드립니다. 동일 고충으로 4번째 민원입니다. 이것도 참고 참다가 남기는 점 알아주시길 바랍니다.감사합니다.,"1. 안녕하십니까? 귀하께서 신청하신 민원에 대한 검토결과를 다음과 같이 알려드립니다.2. 귀하의 민원 내용은 「부산 당리승학 지역주택조합 공동주택 신축공사에서 발생하는 소음 및 분진으로 인한 생활불편」에 관한 것으로 이해됩니다.3. 귀하의 민원사항에 대해 검토한 결과는 다음과 같습니다.- 귀하의 불편사항을 현장관계자에게 전달하여 작업시간 준수, 고소음 작업 시 장비분산 사용, 작업자 교육 실시,  공사장 살수 철저 등 공사장 소음, 분진 최소화 할 수 있는 방안 마련하여 공사장 관리 철저토록 행정지도 하였습니다.- 추후에도 지속적으로 소음피해 발생 시 생활소음규제기준 준수 여부 확인을 위해 귀 댁에서 측정을 요청할 수 있으며, 해당 지역에 대한 지속적인 순찰을 통해 주민불편 사항이 최소화되도록 노력하겠습니다.4. 귀하의 민원에 만족스러운 답변이 되었기를 바라며, 답변 내용에 대한 추가 설명이 필요한 경우 환경위생과 환경지도계(051-220-4397)으로 연락주시면 친절히 안내해 드리도록 하겠습니다. 감사합니다."
하단 유수지 운동시설에 쓰레기 수거통이 필요합니다,답변완료,2024-09-09 16:50:55,자치행정국 체육홍보과,"수고많으십니다오랫만에 하단 문화 복합센터 아래에 있는 하단유수지 운동시설에 갔습니다정말 우리들의 수준이 이 정도밖에 안되나 싶을 정도로음료수 통, 비닐 봉지, 등등 쓰레기가 아무렇게나 버려지 있습니다.참으로 안타깝고 부끄러운 우리들의 자화상 이었습니다.저렇게 잘 만들어진 시설을 우리 스스로 망치고 있었습니다주민들에게 쓰레기를 함부로 투기 하지 못하도록 홍보도 좀 해주시고쓰레기 분리수거통이 필요합니다.특히 집 쓰레기를 가져와서 버리지 못하도록 cctv 까지 설치하면 어떨까 하는 생각도 듭니다.그래서 쓰레기를 함부로 버리지 말고 분리수거를 철저히 할 수 있도록주민 계도가 필요해 보입니다그리고 날씨가 무더워선지 풀도 지저분하게 자라고 있는데풀도 좀 처리해주시면 감사하겠습니다수고하십시요","1. 안녕하십니까? 평소 구정에 많은 관심을 가져주신데 감사드립니다.2. 귀하께서 문의하신 내용은 ‘하단유수지 체육시설 쓰레기통 및 무단투기 방지용 감시 카메라 설치, 주민계도 요청’으로 판단됩니다.3. 현재 사하구 내에 조성된 동네체육시설 52개소는 24시간 개방시설로 주변 주민의 생활쓰레기 배출 및 체육공원 미관 등 관리상 문제로 쓰레기통 설치는 추진하지 않고 있습니다.또한 쓰레기 투기를 막기 위한 감시카메라 설치는 체육시설 근거리에 유수지 관리용 카메라가 이미 설치되어 있는 점, 해당 시설이 아직 방범, 무단투기 등에 따른 문제 발생이 많지 않은 점, 자주 침수되는 유수지 지역특성에 따른 설치 관리 비용 과다하게 소요 문제 등을 고려하였을 때 당장 추진하기에는 적절하지 않다고 판단됩니다.다만, 하단유수지 체육시설에는 현장 관리 인원이 배치되어 있으니 귀하의 요청사항을 전달하여 체육시설 청결 유지를 보다 철저히 하고 체육시설 내 무단 투기 인원 발견 시 즉각 계도 하도록 하겠습니다.하단유수지 동네체육시설은 올해 새롭게 재개관이 되어 주민에게 제공된 시설물인 만큼 앞으로도 주민들의 의견을 적극적으로 수렴하여 쾌적하고 안전한 체육공간으로 유지 관리하도록 하겠습니다.4. 귀하의 요청에 만족스러운 답변이 되었기를 바랍니다. 답변 내용에 대하여 추가 설명이 필요한 경우 체육홍보과 체육지원계(☎220-4124)로 문의하여 주시기 바랍니다. 감사합니다.  끝."
아미산 전망대 보행로 통제 건의 합니다.,이송이첩,2024-09-08 12:44:03,없음,다대동 아미산 전망대 휴관일은 보행로를 왜 통제 하나요. ( 정문 엽길 )그곳은 노을마루길과 바닷가로 가는 길목인데. 당연히 주차장은 통제하는게옳은 방법이지만.물론 케이프 포인드 쪽 주차장 뒷편에 가 계단이 만들어져 있지만.그곳은 외부 사람들이 알수도 없는곳이고 또한 어린 아이들이나 노약자들은 다닐수없을만큼경사진 계단이라 위험 합니다.요즘은 학교 운동장도 공휴일도 개방하는데.관할 구청에서 이런 부분을 알고 계시는지 모르지만. 큰 문제가 없다면.주민들이나 관광객들이 편하게 다닌수 있도록 배려해  주셨으면 합니다지역 발전을 위해 노력하시는 관계자 분들의 노고에 깊은 감사를 드립니다고맙습니다...,없음
넝쿨 및 잡초제거 요청,답변완료,2024-09-07 22:47:45,안전도시국 건설과,"1. 다대2동 대선조선 정문 앞에서 지질공원을 지나 화장실 까지 인도에 잡초가 많아 부득이 하게 자전거 길로 가다가 자전거와 충돌 위험이있었습니다. 깔끔하게 정비 바라며,2. 화장실에서 장대교회 가는쪽 상가 앞 보도 주변도 정비 부탁드립니다.","1. 쾌적한 도로환경 조성을 위한 귀하의 관심에 감사드립니다.2. 귀하께서 말씀하신 다대 대선조선 ~ 다송로 61(장대교회) 보도 일원 제초 작업 요청에 대하여 현장 확인 후 작업 진행 중임을 알려드리며, 현재 제초 요청 민원이 많아 여러 구간을 동시에 작업 중인 관계로 작업 완료까지는 시간이 다소 소요됨을 양해해주시기 바랍니다.3. 기타 문의사항이 있으실 경우, 사하구청 건설과 김종민 주무관(☎051-220-4665)에게 연락해주시면 친절히 안내하도록 하겠습니다.  끝.※ 첨부파일 :위치도 및 현장사진(대선조선 ~ 다송로 61).hwp"
포스코 공사 소음 오전7시부터 시작됩니다. 주말인데 너무 심합니다.,답변완료,2024-09-07 19:10:51,교통환경국 환경위생과,1. 어제는 오전6시경 포크레인이 움직이면서 새벽잠을 깼습니다. 새벽에 층간 소음 때문에 세탁기 청소기 못 돌리는 건 상식입니다. 근데 새벽부터 소음이 커서 잠을 잘 수 밖에 없다 이게 말이 되는지요? 블루밍아파트 101동 앞은 공사장 안내 방송까지 들릴정도로 소음이 크게 전달됩니다.2. 오늘은 7시부터 시끄럽습니다. 도대체 언제부터 공사를 하는건가요 주말엔 직장인들이 자야 하는거 아닌가요? 제가 핸드폰 소음 측정기를 켜 봤습니다.  10분 이상 60데시벨 이상이면 안된다고 들었습니다. 그런데 89.7까지 찍습니다. 평균 63.1이구요  11시 넘어서도 평균 63.1입니다. 최고 98.8 입니다. 사하구청에 전화해도 주말에 담당 직원이 없다고 전해주겠다고만 합니다.사실 주말마다 소음 큰것은 공사장 근처 분들은 다 아실 것입니다. 그런데도 막을 수 없는 것은 신고를 해도 구청에 측정 담당 직원이 없기 때문입니다.  이 부분 해결 부탁드립니다.3. 아파트 문을 열수가 없습니다.  요즘엔 약간 선선할 때가 있어서 문을 열고 싶은 데 소음이 시끄러워 문을 열수가 없습니다. 출근하고 직장에 간 동안 에어컨을 안 켜고 문만 살짝 열고 커텐 치고 가고 싶은데 문을 열 수 없습니다. 왜냐하면 고양이가 있기 때문입니다. 고양이는 소리에 민감하기에 스트레스를 받기 때문입니다.※ 첨부파일 :20240907_오전11시22분경.jpg20240907_7_22분.jpg,"1. 안녕하십니까? 귀하께서 신청하신 민원에 대한 검토결과를 다음과 같이 알려드립니다.2. 귀하의 민원 내용은 「부산 당리승학 지역주택조합 공동주택 신축공사에서 발생하는 소음 및 분진으로 인한 생활불편」에 관한 것으로 이해됩니다.3. 귀하의 민원사항에 대해 검토한 결과는 다음과 같습니다.- 귀하의 불편사항을 현장관계자에게 전달하여 작업시간 준수, 고소음 작업 시 장비분산 사용, 작업자 교육 실시,  공사장 살수 철저 등 공사장 소음, 분진 최소화 할 수 있는 방안 마련하여 공사장 관리 철저토록 행정지도 하였습니다.- 추후에도 지속적으로 소음피해 발생 시 생활소음규제기준 준수 여부 확인을 위해 귀 댁에서 측정을 요청할 수 있으며, 해당 지역에 대한 지속적인 순찰을 통해 주민불편 사항이 최소화되도록 노력하겠습니다.4. 귀하의 민원에 만족스러운 답변이 되었기를 바라며, 답변 내용에 대한 추가 설명이 필요한 경우 환경위생과 환경지도계(051-220-4397)으로 연락주시면 친절히 안내해 드리도록 하겠습니다. 감사합니다."
공영주차장할인,답변완료,2024-09-07 20:15:55,교통환경국 주차관리과,감천 1동 공영주차장에서 친환경 차량 주차후 출차시 자동할인이 안되어 전화하니 계속 통화중이라 뒤차도 기다리고 해서 두어번 미할인으로 출차함. 다른구는 자동 인식되어 할인요금으로 청구되는데 전화도 잘 되지 않는 번호만 안 내하는것은 고쳐야 할듯※ 첨부파일 :20240906_153334.jpg,1. 안녕하십니까? 귀하께서 신청하신 민원에 대한 검토 결과를 다음과 같이 알려드립니다.2. 귀하께서 제출하신 민원의 내용은 “감천1동 공영주차장의 주차요금 자동감면 요청”인 것으로 이해됩니다.3. 귀하의 민원에 대한 검토 결과는 다음과 같습니다. 사하구 내 공영주차장은 「부산광역시 주차장 설치 및 관리 조례」 등에 따라 환경친화적 자동차의 주차요금을 감면하고 있습니다. 그리고 신속한 주차요금 감면을 위해 자동감면시스템 도입을 현재 추진하고 있습니다. 다만 할인대상자의 개인정보 등으로 인하여 보안 등 여러 절차가 관련되어 있어 그 진행이 다소 더딘 측면이 있습니다. 불편을 드린 점 양해 부탁드립니다.4. 답변내용에 대한 추가 설명이 필요한 경우 사하구청 주차관리과(051-220-4511)로 연락주시면 안내해 드리도록 하겠습니다. 감사합니다.  끝.
을숙도대교 교차로 사하경찰서 방향 좌회전 차로로 끼어드는 3차로 얌체족 차량단속,이송이첩,2024-09-06 09:13:56,없음,아침 출근시간에 진짜 화물차들 3차로에서 2차로 좌회전 차로로 덩치로 밀고 들어오는데 사고날 뻔한 적이 한 두번이 아닙니다.오늘도 큰 덩치로 밀어부치고 들어오는데 사고날 뻔하고 참아침에 차도 많이 막히는데 1차로 뒤에서 꾸역꾸역 조금씩 나오면 뭐합니까3차로에서 얌체로 계속 끼어 들고 그러면 또 신호 하나 놓치고 기다리는데...그리고 다대포 방향으로 가는 차들은 왜 좌회전 얌체 차량때문에 차로 하나 먹히고 브레이크 밟게 되고얌체놈들 진짜 사회 암적인 존재들이며 사고 유발자들이니 꼭 단속해야 됩니다.왠만하면 참고 출근하려고 했는데 그 동안 쌓인게 폭발했는지 이젠 도저히 못참겠네요 ㅂㄷㅂㄷ진짜 진짜 단속해야됩니다. 을숙도대교 합류하는 도로 쪽 단속카메라 시점부터 차단봉이나 길게 늘려서 설치를 해주시던지 아니면바쁘시겠지만 교통경찰님들 아침에 단속이라도 좀 부탁드립니다. 그래야 저것들 저런 지 밖에 모르는 얌체 운전 줄어들 겁니다...※ 첨부파일 :을숙도대교 교차로.jpg,없음
을숙도 축구장은 시민과 구민들을 위한것입니까 그저 행사를 위해 만들어진 구장입니까,답변완료,2024-09-05 14:00:29,자치행정국 체육홍보과,축구장을 매번 행사로만 이용하게 두실 꺼면 굳이 인터넷 접수를 받을 이유가 없지 않습니까이건 일반인들은 한달에 한번 구장을 구하려고 밥도 안 먹고 기다리고 있는데구장을 잡을려고 하면 모두 행사 처리만 되어 있으니 공을 찰 수가 없네요행사를 하려고 만들어진 구장인지 아니면 시민과 주민들을 위한 구장을 만든 것인지 확인을 부탁드립니다.행사 일정을 조절을 해서 받으시던가 무슨 한달 전체를 행사로 사용하시면 구장 구할려고 기다리는 시민들과 주민들은 신경을 안쓰시는 겁니까,"1. 귀하께서 우리구 홈페이지를 통해 을숙도 인조잔디 축구장 이용과 관련하여 신고하신    민원에 대해 안내드립니다.2. 귀하의 민원내용은 을숙도 인조잔디 축구장 이용 및 운영에 관련된 것으로 판단되며 다음과 같이 답변드립니다.? 을숙도 인조잔디 축구장은「부산광역시 사하구 체육시설 관리?운영 조례」의 규정에 따라 운영하고 있으며 매년 9월과 10월의 경우 시단위, 구단위의 각종 체육 단체들의 대회 또는 행사가 부득이 집중되는 시기로 우리구 조례에 의거하여 사용허가의 우선순위에 따라 시설을 허가하고 있음을 양해바랍니다.3. 귀하의 질문에 만족스러운 답변이 되었기를 바라며, 답변 내용에 추가 설명이     필요한 경우 시설관리사업소 강봉근주무관(☎220-5855,5857)에게 연락주시면 친절히 안내해 드리도록 하겠습니다. 감사합니다.붙임  2024년9월10일-a0-민원상담목록번호234295 1부.  끝."
제석로 205번길 과학고 인도길,답변완료,2024-09-05 06:16:44,안전도시국 건설과,"며칠전 동원베네스트2차부터 과학고까지 인도 잡초제거 문의드렸는데등산로 입구쪽만 잡초제거가 되어있고 족구장까지 길과,과학고 입구쪽은 여전히 잡초가 인도쪽에 너무 많네요.잡초제거 하시는분이 거기까지만 한건지구청에서 거기까지만 하라고 한건지 궁금하네요.보이는곳만 하지말고 과학고 입구쪽까지전체 잡초제거 부탁드립니다 .등산객들도 이용하고 여러 주민들이 이용하는길인데깨끗하게 관리되었음 좋겠습니다.※ 첨부파일 :20240903_053144.jpg","1. 쾌적한 도로환경 조성을 위한 귀하의 관심에 감사드립니다.2. 귀하께서 말씀하신 당리동 산 4-8번지 일대 제초 작업 요청에 대하여 현장 확인 후 작업 완료하였음을 알려드립니다.3. 기타 문의사항이 있으실 경우, 사하구청 건설과 김종민 주무관(☎051-220-4665)에게 연락해주시면 친절히 안내하도록 하겠습니다.  끝.※ 첨부파일 :위치도 및 현장사진(당리동 산 4-8).hwp"
사하초 지하도 정비공사 언제 시작하나요?,답변완료,2024-09-05 22:54:48,안전도시국 건설과,"안녕하세요 수고 많으십니다. 저는 사하초등학교 학생의 학부모입니다.사하초등학교 통학을 위하여 길을 건너려면 많은 학생들이 지하도를 이용하는데요, 한번 가보시면 아시겠지만 아이들 통학로치고는 너무 버려져 있는 스산한 느낌의 길입니다. 계단도 들쭉날쭉하고요. 캐노피도 한 쪽으로만 설치되어 있습니다. 올 하반기 예산으로 당리에 있는 지하도처럼 문화예술 공간으로 탈바꿈 시키기 위하여 정비를 한다고 들었는데 언제쯤 시작하는지요? 여름방학이 벌써 다 끝났는데 너무 늦어지는 것은 아닌지 걱정됩니다.","1. 평소 구정 발전에 협조해 주셔서 감사드립니다.2. 귀하께서 접수하신 “사하초등학교 지하보도 정비공사” 사업 일정 문의와 관련하여, 현재 외부 캐노피 정비공사는 완료되었으며, 내부 정비공사는 연내 착공 예정임을 알려드립니다.3. 주민 불편 사항 해소를 위해 관련 사업을 조속히 시행하겠으며, 기타 문의사항은 사하구청 건설과 김종훈 주무관(051-220-4694)에게 연락주시면 친절히 답변 드리겠습니다.붙임 : 민원전문 1부.  끝."
감천 문화 마을에 쓰레기가,답변완료,2024-09-04 13:07:37,교통환경국 자원순환과,무더운 날씨에 수고가 많으십니다. 다름이 아니오라 간만에 감천 문화 마을을 찾았다가 쓰레기 더미 만 보고 감짝 놀라서  아직도 이런 염치 없는 사람이 사하구에 함께 살고 있다는게 부끄럽습니다. 우리나라는 물론이고 세계적인 명소로 자리 잡고 있는 감천 문화 마을에 쓰레기가 말이 됩니까 빨리 cctv를 돌려서라도 잡아내어 다시는 이런짖을 못하게 과태료를 부과 해주시고 쓰레기는 빨리 처리 부탁드립니다※ 첨부파일 :2.jpg1.jpg3.jpg,"1. 안녕하십니까? 귀하의 민원사항에 대한 검토 결과를 다음과 같이 알려드립니다.2. 귀하의 민원내용은 “감내1로 205 인근 무단투기 쓰레기 수거”에 관한 것으로 이해     되며 검토 의견은 다음과 같습니다.가. 귀하께서 제보하신 위치에 있는 폐기물은 즉시 수거 완료하였으며, 무단투기금지        현수막을 게첨하여 주민과 관광객을 대상으로 계도도 실시하였습니다. 주변           CCTV도 확인하여 행정처분이 가능하면 조치하도록 하겠습니다.나. 감천문화마을 일원이 더 깨끗하게 유지될 수 있도록 노력하겠습니다.3. 답변 내용에 대한 추가 설명이 필요한 경우 사하구청 자원순환과(☏051-220-4436)로     연락주시면 안내해 드리겠습니다.붙임  1. 2024년9월12일-a0-민원상담목록번호234143.2. 현장조치사진.  끝.※ 첨부파일 :현장조치사진.zip"
괴정골목시장 입구 택시 주정차 단속 요청,답변완료,2024-09-04 09:09:45,교통환경국 주차관리과,괴정골목시장 입구 올리브영 매장 부터 횡단보도까지출퇴근 시 주정차 택시로 인하여 차량통행에 어려움이 많고 사고의 위험이 높습니다.특히나 퇴근 시에는 통근버스를 비롯하여 대형차 등 많은 차량이 몰려드는데 택시들이 한 차선을모두 점령하고 있어 항상 차가 막히고 모든 차량들이 차선을 두개 차선을 반반씩 물고 위험하게 운행을 하고 있습니다.시장에서 나오는 손님을 태우기 위해서 정차를 하고 있는건 알겠지만수십대의 차량이 피해를 보고 있고 항상 위험하게 운전을 하고 있습니다.모든 차량이 불편하지 않게 위험하지 않게 안전운전 할 수 있도록 단속 및 개선조치 요청드리겠습니다.수고하십시오.,"1. 귀하께서 국민신문고에 제출하여 우리 구로 이첩된 민원에 대하여 다음과 같이 답변 드립니다.2. 귀하의 민원내용은 “불법주정차 단속요청”에 관한 것으로 판단됩니다.3. 귀하의 질의사항에 대한 검토의견은 다음과 같습니다.가. 우선 귀하께서 해당 지역의 불법주차로 불편을 겪으신 점 송구스럽게 생각합니다.나. 해당 지역에 대하여는 이동식 단속 차량을 이용하여 주차단속을 하고 있으나, 주차단속업무의 특성상 단속 당시에만 효과가 있어 단속에 애로사항이 많은 점 넓은 마음으로 이해하여 주시기 바랍니다.다. 해당 지역에 대해서는 이동식 단속차량을 통한 주차계도 및 단속을 실시하여 불법주차로 인한 귀하의 불편사항이 최소화되도록 하겠습니다.4. 해당 지역의 불법주정차로 인해 생활불편이 발생될 시, 평일 09:00~18:00에는 교통행정과(☎220-4561~5)로, 평일 야간 및 공휴일에는 구청당직실(☎220-4222)로 신고하여 주시면 신속히 불편사항을 처리해 드리겠습니다.5. 귀하의 질문에 만족스러운 답변이 되었기를 바라며, 답변 내용에 대한 추가 설명이 필요한 경우 교통행정과(이성훈, ☎220-4562)로 문의하시면 성심껏 답변 드리겠습니다."
작은 도서관은 어린이복합공간으로 바뀐다고 합니다. 어른용 도서관은 없습니까?,답변완료,2024-09-04 12:50:03,문화관광교육국 평생교육과,"사하구에 동마다 작은 도서관이 있는데, 그 도서관이 어린이 복합공간으로 바뀌면, 성인은 어디 가나요???작은 도서관을 사용하는 사람 중 대부분이 어른이고, 각자 자격증 같은 거 공부하는데...왜 실질적으로 이용하는 사람을 위한, 열람실은 만들지 않고...이용자가 적은 어린이 도서관만 만드나요???어린이가 줄어들어, 유치원을 실버타운으로 변환하는 시대에 재정낭비 아닙니까??최소한 작은 도서관을 실질적으로 사용하는 사람들에게 설문 등 과 같은 조사를 한 후, 변경이 이루어져야 하는 거 아닐까요???","1. 구정에 대한 관심과 협조에 감사드립니다.2. 귀하께서 신청하신 민원(접수번호 202409041250030255)에 대해 다음과 같이 알려 드립니다.3. 귀하의 상담민원 내용은 “작은도서관의 어린이복합문화공간 조성”에 관한 것으로,- 부산시에서는 15분도시 생활권사업 일환으로, 도서관, 문화시설 등에 아날로그(책)와디지털콘텐츠를 융합한 공간인 「어린이복합문화공간 조성사업」추진을 위해          2021년부터 구ㆍ군공모를 통해 조성사업비(70)와 운영비(4년간)를 지원하고 있습니다.- 우리 구는 15개 작은도서관을 운영하고 있으며, 열악한 구 재정상황을 고려하여      「어린이복합문화공간 조성」공모를 통해 작은도서관 시설개선비 및 운영비를 지원      받기 위해 노력하고 있습니다.- 또한, 어린이복합문화공간으로 운영되는 작은도서관의 공간 조성시에는 어린이 및 일반인들이 모두 이용할 수 있는 복합문화공간으로 조성하기 위해 기존 시설(일반 자료실 등)은 되도록 유지하고 필요 부분만 시설을 개선하였으며, 디지털 장비도 어린이 자료실 내에 주로 설치한 점 참고하여 주시기 바랍니다.4. 귀하의 민원에 만족스러운 답변이 되었기를 바라며, 위 답변과 관련하여 추가 문의하실 사항이 있으시면 사하구청 평생교육과(하미라 ☎051-220-4832)로 연락주시기 바랍니다. 감사합니다."
당리동 동원베네스트 2차 과학고 가는길 인도 잡초제거 부탁드립니다,답변완료,2024-09-03 06:08:27,안전도시국 건설과,당리동 동원베네스트2차에서 부터 과학고로 가는 인도에잡초가 무성하게 자라있습니다.등산로는 제초작업 하는거 같은데정작 사람이 다니는 인도는 제초작업을 하지 않아사람이 다닐 공간이 없네요빠른 처리 부탁드립니다※ 첨부파일 :20240903_053429.jpg,"1. 쾌적한 도로환경 조성을 위한 귀하의 관심에 감사드립니다.2. 귀하께서 말씀하신 당리동 산 4-8번지 보도 일원 제초 작업 요청에 대하여 현장 확인 후 작업 진행 중임을 알려드립니다.3. 현재 제초 관련 민원이 많아 여러 구간에 대한 작업을 동시에 진행 중인 관계로 작업 완료까지는 시간이 다소 소요됨을 양해해주시기 바랍니다.3. 기타 문의사항이 있으실 경우, 사하구청 건설과 김종민 주무관(☎051-220-4665)에게 연락해주시면 친절히 안내하도록 하겠습니다.  끝.※ 첨부파일 :위치도 및 현장사진(당리동 산 4-8).hwp"
신평 레포츠 공원 족구장 설치 건,답변완료,2024-09-02 12:34:23,자치행정국 체육홍보과,수고 하십니다.신평 레포츠 공원에서 개방형 체육관이 입주하기전 족구장에서 족구를 하던 족구 팀입니다. 회원이 사하구 거주 인원만 25명 이상 이었는데 개방형 체육관이 들어서면서 운동장이 없어 현재는 사상구 족구장에서 운동을 하는중입니다.1년 사용료가 전기료외 구장 이용료를 합해서 백만원 이상을 주고 억지 아닌 억지의 이용료를 주면서 구장을 사용합니다.처음 개방형 체육관이 공사를 하기전에 공사가 끝나면 운동장옆에 족구장을 지어 준다고 했는데 답이 없네요.사하구민이 족구 운동장이 없어 사상구에다 돈을 주면서 운둥 하는게 아닌것 같습니다.개방형 체육관 옆 공터에 족구장을 만들어 주었어면 합니다.,"1. 안녕하십니까? 평소 구정에 많은 관심을 가져주신데 감사드립니다.2. 귀하께서 문의하신 내용은 ‘신평레포츠공원 내 족구장 설치 요청’으로 판단됩니다.3. 요청하신 신평레포츠공원은 현장 확인 결과 새로 족구장을 조성하기에 공간이 충분하지 못한 것으로 판단됩니다. 대신 다대레포츠광장(다대동 1589), 해양경찰정비창에 족구장이 조성되어 있으니 해당 시설물을 이용하여 주시면 감사하겠습니다.▷ 문의전화 다대레포츠광장(220-5851), 해양경찰정비창(220-4125)그럼에도 불구하고 주민들의 수요에 비해 우리구 족구장이 충분히 조성되어있지 못함에 깊이 공감하는바, 추후 대체부지 선정과 족구장 조성에 적극 노력하도록 하겠습니다.4. 귀하의 요청에 만족스러운 답변이 되었기를 바랍니다. 답변 내용에 대하여 추가 설명이 필요한 경우 체육홍보과 체육지원계(☎220-4124)로 문의하여 주시기 바랍니다. 감사합니다.  끝."
다산로 182 인근 인도 위 잡초 제거 부탁드립니다,답변완료,2024-09-02 12:46:43,안전도시국 건설과,인도 위를 잡초가 덮어서 걸어다니는데 지장이 많습니다 잡초 제거 부탁드리겠습니다※ 첨부파일 :KakaoTalk_20240902_123745644_02.jpgKakaoTalk_20240902_123745644_01.jpg,"1. 쾌적한 도로환경 조성을 위한 귀하의 관심에 감사드립니다.2. 귀하께서 말씀하신 다산로 182 앞 보도 일대 제초 작업 요청에 대하여 현장 확인 후 작업 완료하였음을 알려드립니다.3. 기타 문의사항이 있으실 경우, 사하구청 건설과 김종민 주무관(☎051-220-4665)에게 연락해주시면 친절히 안내하도록 하겠습니다.  끝.※ 첨부파일 :위치도 및 현장사진(다산로 182).hwp"
넝쿨 및 잡초제거 요청,답변완료,2024-09-01 09:49:58,교통환경국 산림녹지과,다대2동 매립지 운동트랙 옆 화장실에서 대선조선 가는 길 인도 휀스 옆에서 넘어온 넝쿨류 와나무 식수대에 잡초가 무성하여 산책시 불편하니 현장확인 후 정비 하여 주시기 바랍니다.,"1. 우리구 녹지행정 발전에 관심을 가져주신 데 대하여 깊은 감사를 드립니다.2. 귀하께서 신청하신 민원사항에 대하여 다음과 같이 회신합니다.가. 민원요지○ 다송로 가로수 식수대 및 넝쿨 정비 요청나. 답변요지○ 귀하께서 말씀하신 다송로 가로수 식수대 및 넝쿨 정비는 2024. 9. 5.(목) 완료되었음을 알려드립니다.3. 귀하의 질문에 만족스러운 답변이 되었기를 바라며, 답변 내용에 대한 추가 설명이 필요한 경우 사하구 산림녹지과(☎220-4535)로 연락주시면 성실히 안내드리겠습니다. 감사합니다.붙임  상담민원내용 1부.  끝."
예초기 작업,답변완료,2024-09-01 19:21:58,안전도시국 건설과,옥천로64번길 소방도로공사 잡초제거 해주세요.저번에 했는데 잡초가 또 많이 자라서 다니는 길이 안보일정도입니다모기.벌레들도 많습니다.공사는 하되 다니는길은 이렇게두면 안돼는아닙니까?※ 첨부파일 :20240901_161318.jpg20240901_161327.jpg20240901_161259.jpg,"1. 쾌적한 도로환경 조성을 위한 귀하의 관심에 감사드립니다.2. 도로 상 자라나는 잡초의 경우, 숫자가 많고 분포하는 면적이 매우 넓어 모두 즉시 정비하기 어려움을 양해해주시기 바랍니다.3. 우리 구에서는 보행자 통행이 많은 구간을 우선으로 하여 제초 작업 중에 있으며,귀하께서 건의하신 구간을 향후 제초 작업 일정에 반영토록 노력하겠습니다.4. 기타 문의사항이 있으실 경우, 건설과 도로관리계 김종민 주무관(☎051-220-4665)에게 연락해주시면 친절히 안내하도록 하겠습니다.  끝.※ 첨부파일 :위치도 및 현장사진.hwp"
다대포 낙조분수 애견출입 답변 재문의,답변완료,2024-08-31 00:20:12,시설관리사업소,이전 낙조분수 애견출입관련 문의를 드렸는데 분수대는 물놀이형 수경시설 관리제도 가이드라인에 따라 수질 및 위생권고 사항으로 반려견의 진입을 금지하고 있습니다. 반려견을 데리고 분수에 진입하는 것을 허용 할 경우 반려견의 배변 등으로 수경 시설물이 오염될 수도 있고 바닥에 설치된 시설물로 인하여 반려견이 다칠 수도 있기 때문입니다.위 답변을 받았는데 낙조분수 인근 광장 전체가 애견출입금지구역인가요?분수 인근이 아닌 사람들 앉으라고 비치되어있는 의자 뒷쪽에서 안고 보고있는데 출입안된다고 나가라고 하던데 뭐가 맞는걸까요?그리고 답변내용중 소형견의 경우 안고 구경하는건 괜찮다고 답변 주셨던데 제가 쫓겨났을 때가 소형견을 안고 구경하였을 때 입니다구청이 가능하다고 한 부분은 관리하시는 분들에게 인지시켜 이런일이 재발하지 않았음 좋겠네요,"1. 안녕하십니까? 평소 구정에 많은 관심을 가져주신데 감사드립니다.2. 귀하께서 문의하신 다대포 낙조분수 애견출입 답변 재문의에 대하여 다음과 같이 답변드립니다.3. 낙조분수 현장근무자에게 애완견을 산책시키는 관람객은 분수에 들어갈 수 없지만 안고 지나갈 수는 있다고 교육하고 있으나, 근무자가 애견을 동반한 관람객을 과도하게 제지한 것으로 보입니다. 이에 낙조분수 현장근무자 전원에게 반려견 동반 관람객에 대한 안내 교육을 지속적으로 진행하겠습니다.4. 귀하의 질문에 만족스러운 답변이 되었기를 바라며, 기타 궁금한 사항은 시설관리사업소 조남웅 주무관(☎051-220-5892)에게 연락주시면 성실히 답변드리겠습니다. 감사합니다.  끝."
사하구청버스가 아침마다 정차해있어서 불편합니다.,답변완료,2024-08-30 09:07:42,교통환경국 주차관리과,아침 출근 시간에 구청노상공영주차장 앞 횡단보도 쪽으로 사하구청버스가 매일 정차를 하고 있어서노상공영주차장으로 진입하는 차들이 뒤를 따라 정차해야 하는 상황이 생깁니다.버스가 횡단보도의 절반이상을 차지하고 정차하고 있으니버스를 돌아서 들어가려고 해도 반대쪽 차들과 부딪히는 상황이 생겨 결국 다른 길로 돌아가야 하는 상황이 생겼습니다.경적을 울리고 두어대정도 차들이 돌아가는 상황이 생긴 후에야 버스가 움직이던데결국 사하구청으로 들어가는 구청버스 였습니다.이건 무슨 상황으로 받아들여야 할까요?정차 위치가 구청 바로 앞이였는데 왜 정차를 하고 기다렸는지 이해할 수가 없었고그로 인해 다른 차들이 왜 불편을 겪어야 하는지 알 수 없었습니다.이해가 되질 않습니다.,"1. 귀하께서 자체접수하여 신청하신 민원에 대한 검토결과를 다음과 같이 알려드립니다.2. 귀하의 민원내용은 “구청 통근버스 불법주정차 시정요청”에 관한 것으로 판단됩니다.3. 귀하의 질의사항에 대한 검토의견은 다음과 같습니다.가. 우선 귀하께서 해당 지역의 해당차량으로 불편을 겪으신 점 송구스럽게 생각합니다.나. 해당 차량 확인 후 차량 담당자에게 전달하여 차후 불법주정차로 인한 귀하의 불편사항이 최소화되도록 하겠습니다.4. 해당 지역의 불법주정차로 인해 생활불편이 발생될 시, 평일 09:00~18:00에는 주차관리과(☎220-4561~5)로, 평일 야간 및 공휴일에는 구청당직실(☎220-4222)로 신고하여 주시면 신속히 불편사항을 처리해 드리겠습니다.5. 귀하의 질문에 만족스러운 답변이 되었기를 바라며, 답변 내용에 대한 추가 설명이 필요한 경우 주차관리과(이성훈, ☎220-4562)로 문의하시면 성심껏 답변 드리겠습니다."
"당리동 309-3번지 성림아파트 뒤쪽인 산쪽 줄기나무,풀 및 나무 좀 처리 요망",답변완료,2024-08-30 12:24:11,교통환경국 산림녹지과,"당리동 309-3번지 성림아파트 뒤쪽인 산쪽으로 줄기나무, 풀 및 나무 좀 처리 요망저의 아파트는 산과 주택의 경계(벽)가 없어 줄기나무가 노출된 전선을 휘감아 몇 차례 정리가 이루어지나근본적인 해결이 안되고 풀이 너무 자라서 인 그 곳 에다 음식물 쓰리기 및 일반쓰레기를 무단투기하여  접해있는가구는 여름에 문을 열어 놓으면 악취가 올라와서 정말 기본적인 행복마저 박탈당한 느낌입니다.제말 조속한 조치 부탁드립니다.","1. 우리 구정 발전과 산림업무에 관심을 가져주셔서 감사드립니다.2. 귀하께서 건의하신 민원(상담민원목록번호 : 233340)에 대하여 다음과 같이 답변드립니다.가. 민원요지○ 당리동 180번지 일원(성림아파트 뒤) 정비 요청나. 답변요지○ 귀하께서 말씀하신 당리동 180번지 일원(성림아파트 뒤)은 사유지로 확인되어 해당 수목의 정비는 토지소유주의 관리 사항이므로 직접적인 작업이 어려운 점 양해 부탁드리며,○ 정비 작업 시행을 위하여 해당 민원 내용을 토지소유주에게 전달 및 안내토록 하겠습니다.3. 기타 추가 설명이나 궁금한 사항이 있으시면, 사하구 산림녹지과(☎051-220-4539)로 연락주시면 친절히 답변드리겠습니다."
도로진입시 사고 우려,답변완료,2024-08-29 13:13:21,교통환경국 교통행정과,"수고하십니다.신산북로33번길에 여러 업체가 있고 렌트카 업체도 최근에 입주되어 통행량이 많은 내리막길이 있습니다.내리막길에서 도로 진입시 좌우에 장애물과 건물로 인해서 좌측우측 시야 확보가 어려워서 사고의 위험성이 매우큽니다.구민의 안전을 위해 반사경 설치를 요청 드립니다.사하구청의 안전·보건 경영 방침처럼 구민의 위험 요인을 사전에 파악하고 위험성을 평가하고 개선하고 안전·보건 확보를 하고사업장의 위험 요인 제거통제를 위한 충분한 인적물적 자원을 제공함에 실천해 주시기를 희망합니다.구청은 구민의 민원을 받아서 안전·보건 방침의 실현을 위하여 모든 구성원의 안전·보건 활동에 대한 책임과 의무를 다해주시기 바라며,구민의 안전을 위해 현장 방문 후 조속히 조치 부탁드립니다.감사합니다.※ 첨부파일 :좌측시야.jpg우측시야.jpg","1. 안녕하십니까? 평소 우리 구정 업무에 관심을 가져주셔서 감사드리며, 귀하께서 신청하신 민원(신청번호 202408291313219322)에 대한 검토 결과를 다음과 같이 알려드립니다.2. 귀하의 민원내용은 “신산북로 33 일원 반사경 설치 요청”에 관한 사항으로 판단되며, 반사경 설치가 가능한 구간을 검토하여 조속히 조치하도록 하겠습니다.3. 귀하의 민원에 만족스러운 답변이 되었기를 바라며, 답변 내용에 대한 추가 설명이 필요한 경우 사하구 교통행정과 (☏051-220-0192)에게 연락주시면 친절히 안내해 드리도록 하겠습니다. 감사합니다.붙임  민원내용 1부.  끝."
불법주정차단속여부 확인되나요?,답변완료,2024-08-28 14:55:26,교통환경국 주차관리과,8월 27일 밤 9시 25분경 몰운대 우체국 근방 횡단보도에서 사람이 갑자기 쓰러지는 것을 목격하여 구호조치를 한다고 10여분간 인근에 차를 잠시 정차를 시켜놓고 있었는데요. 이후 소방관들이 오셔서 쓰러진 사람을 인계한 후에 떠났습니다.그런데 휴대폰을 확인해보니 불법주정차 경고 알람이 왔더라고요. 내가 언제 떠났는지를 알 수가 없다보니 찍힌건지 아닌건지 알 수가 없어서 문의드립니다.,"1. 귀하께서 자체접수하여 신청하신 민원에 대한 검토결과를 다음과 같이 알려드립니다.2. 귀하의 민원내용은 “불법주정차 단속여부확인요청”에 관한 것으로 판단됩니다.3. 귀하의 질의사항에 대한 검토의견은 다음과 같습니다.- 민원인께서 사하구청 주차관리과(051-220-4561~5)으로 전화주시면 차량번호확인 후 단속여부 및 감면등 안내 드리겠습니다,4.. 귀하의 질문에 만족스러운 답변이 되었기를 바라며, 답변 내용에 대한 추가 설명이 필요한 경우 주차관리과(이성훈, ☎220-4562)로 문의하시면 성심껏 답변 드리겠습니다."
을숙도대로 교차로 사하경찰서방향 좌회전 차로에 끼어드는 3차로얌체족 단속 바랍니다,이송이첩,2024-08-28 09:47:01,없음,아침 출근 시간에 거의 항상 다대포 방향 을숙도대로 교차로 사하경찰서 방향으로의 좌회전 차로에3차선에서 2차로로 끼어드는 무지성 얌체 끼어들기가 너무너무너무너무너무 심합니다.그 때문에 직진하려는 차들도 서야되고 상당한 교통체증을 유발하고 있습니다.특히 고놈의 화물차들 진짜 볼 때마다 욕 나옵니다큰 덩치로 그냥 무대포로 밀어부치는거 같은데 그 못 생긴 면상 한번 보고 싶을 정도네요 ㅂㄷㅂㄷ교차로 신호 하나하나 바뀌는거 기다려가며 1차로에서 줄서서 꾸역꾸역 뒤에서 온 차량만 바보가 되고 지각을 하는 상황이 생깁니다.저기 대동IC 부산 들어가는 방향에 있는 차선변경금지 카메라나 차단봉을 좀 억수로 길게 설치해 주세요.(저기 강변대로 신천지 교회 가는 부근 유턴하는 차로 처럼 차단봉 길게 설치)거짓말 아니고 진짜 아침 출근 시간에 교통경찰관 분들 단속하시면 세수확보에 상당히 도움되실 겁니다.꼭 좀 해결해주세요 아침 출근때마다 x놈의 얌체족 때문에 화가 치밀어 오릅니다 ㅂㄷㅂㄷ,없음
고정형 불법단속 카메라 설치요청,이송이첩,2024-08-28 09:55:05,없음,"안녕하세요 수고가 많으십니다출근 동선중 단 하루도 빠짐없이 늘 위반차량이 발생되는 구역이 있어 제보, 건의 드리고자 합니다.간간히 불법 차량들은 안전신문고로 신고했지만 일부 차량의 문제는 아니다보니 전혀 개선이 되고 있지 않습니다.(명백히 위반으로 과태료도 7만원이나 되는 큰 부분입니다)신평 아즈텍WB 회사를 지나 교차로 부분 건의건 입니다. (신평동 665)1차로 좌(직진금지 차선), 2차로 좌직진 차선인데 1차로에서 대부분의 차들이 직진을 합니다.2차로에서 좌회전하는 차량이 있을경우, 1차로 위반차량으로 인하여 대형사고 발생 위험이 큽니다.위반 차량이 가끔 생기는것도 아니고 정말, 매일 출근시마다 목격합니다.정상적으로 직진을 위해서 2차로에서 대기하다보면 줄이 길어서 신호를 한번에 못 받는 경우도 허다한데얌체같이 위반을 해서 앞서 질주하는 모습을 너무 많이 보게됩니다본인의 감정을 떠나 사고 위험률이 너무 높은 구간으로써 제도적 제재가 필요할듯 하여 건의드리오니검토후 CCTV 설치를 요청드리는바입니다.추가로, 예산등 제반적인 문제로 CCTV 설치가 불가할 경우는 운행기준 변경도 검토부탁드립니다.예) 1차로 : 유지 (직진금지, 좌회전) or 운행방법 변경 (직진금지, 좌회전 → 좌직 모두 가능)2차로 : 운행방법 변경 (좌직진 → 직진만 가능)",없음
청년기업 인증을 해주세요,답변완료,2024-08-26 14:35:16,경제혁신국 경제일자리과,"부산광역시 사하구는 사하구 청년기업 육성 및 지원조례에 근거하여 청년기업을 인증해주고 있습니다.동시에 저는 사하구에 거주하는 주민이자 청년으로서법인을 설립해 운영하고 있습니다.지역사회에 이바지되는 일에 청춘을 쏟고자 하였고,현재 사회복지분야를 주 사업으로 삼고 있습니다.그러나 [부산광역시 사하구 청년기업 육성 및 지원 조례]의제2조 2항의 「중소기업기본법」제2조제1항제1호에 따른 기업일 것이라는 근거로 인해 [비영리법인]은 청년기업으로 인증을 받지 못하는 실태입니다.사하구청은 관련법 제 1조(목적: 이 조례는 부산광역시 사하구 청년기업의 활동을 적극적으로 지원함으로써 청년기업 육성을 통한 경제활동 촉진과 지역경제 발전에 이바지함을 목적으로 한다.)에 근거한 내용을 보면 [영리  비영리]를 떠나 저도 분명 지역에서 일자리를 창출하고 이바지 하고 있음에도 불구하고, [영리]사업자만 청년대표로 인정하고 있습니다.사하구에서 더 열심히 활동하는 비영리 법인 사업자의 청년대표가 되기를 희망합니다.제2조 2항의 의 범위를 넓혀주세요.","1. 안녕하십니까? 귀하께서 새올 상담민원으로 신청하신 민원에 대한 검토 결과를 다음과     같이 알려드립니다.2. 귀하의 민원 내용은  사하구 청년기업 육성 및 지원조례에 근거한 청년기업 대상 확대 요구     건에 대한 내용으로 판단되며, 검토 의견은 다음과 같습니다.가. 우선 우리 구 ‘청년기업 인증제’에 깊은 관심 가져 주셔서 감사드립니다.나. 사하구 청년기업 인증제‘은 『사하구 청년기업 육성 및 지원조례』 제2조 2항에 의거       『중소기업기본법』 제2조제1항제1호에 해당하는 기업을 규정하고 있습니다.다. 이에 따라 귀하의 기업은 우리 구 『청년 기업 육성 및 지원 조례』의 제2조 2항2에 해당      하는 기업이 아니므로, ‘청년 기업 인증’을 할 수 없음을 알려드리니 양해해주시기      바랍니다.라. 향후 귀하의 의견을 반영하여 ‘사하구 청년 기업 육성 및 지원 조례’의 기업              범위 확대 조례 개정을 적극적으로 검토하도록 하겠습니다.3. 귀하의 질문에 만족스러운 답변이 되었기를 바라며, 답변 내용에 대한 추가 설명이      필요한 경우 사하구청 경제진흥과 박희정 주무관(☏051-220-4464)에게 연락주시면      친절히 안내해 드리도록 하겠습니다. 감사합니다.  끝."
감천2동 소규모 주차장 조성공사,답변완료,2024-08-26 11:54:02,교통환경국 교통행정과,"안녕하세요감천2동 공영주차장 조성관련(감천로117번길 77-1)공영주차장 조성공사 진행전 주위건물 철거하면서 소음및분진 발생하였으나많은 양보로 공사를 진행하였습니다차후 진행과정에서 몇가지 부분 협의후 하기로 해놓고 막무가내식 공사를 진행하려고 합니까?아래와같은 이유로 본 민원을 신청합니다1.공사전 사전통보 없이 공사인력 및 장비투입 하여 불안감 조성2.예산부족으로 본사유지 조성사업에 포함되지 못하였으면 상부도로 연결통로 확보할것(설계도면 공개 및 주거지 주민 에게 상세 설명필요)3.공사과정 사유지 점용할시 협의후 공사진행할것4.공사과정 소음,분진,균열,붕괴위험,옹벽누수 발생시 합당한 보상할것(철거과정 에서 본사유지를 이용하였으며 그리고 피해가 있었으나 아무런 보상도 없었음)5.예산확충하여 본 주거지 조성사업에 포함되길 바랬건만 안타까울 따름입니다**** 위 내용 협의전까지 공사중단 요청합니다********공사장비 및 공사인력 투입되었으니 빠른답변 부탁드립니다****","1. 안녕하십니까? 평소 우리 구정 업무에 관심을 가져주셔서 감사드리며, 귀하께서 신청하신 민원(접수번호 202408261154028901)에 대한 검토 결과를 다음과 같이 알려드립니다.2. 귀하의 민원내용은 “감천2동 소규모 공용주차장 조성공사 관련 설명 요청 등”에 관한 사항으로 판단됩니다.3. 귀하의 민원에 대한 검토결과는 다음과 같습니다.가. 해당 지역은 고지대 주택 밀집 지역으로 좁은 이면도로에 설치된 주거지 주차장으로 인하여 어린이 및 주민들의 보행에 불편을 겪고 있는 지역으로, 우리구에서는 주거지 주차장을 폐지하고 어린이 통학 및 주민 보행환경을 개선하고자 “감천2동 소규모 공영주차장 조성공사”를 2024.7.19. 착공하여 추진하고 있습니다.나. 공영주차장 조성 사업 시 해당지역 일대 주차수요를 맞추어 조성 계획을 수립하였으며, 예산 및 주차장 조성 규모가 한정되어 있어 귀하의 토지가 주차장 조성 사업에 포함되지 않은 점 양해의 말씀드립니다.다. 공사 진행 과정 및 시행 방법에 대한 설명이 필요할 경우 추후 일정을 맞추어 상세히 설명드리도록 하겠으며, 지적경계복원측량 등을 통해 토지(사유지)와의 경계를 우선 확인하도록 하고, 추후 사유지 점용이 수반될 경우에는 협의 후 공사를 시행하겠으며,라. 상부도로 연결통로 확보에 관한 사항은 주차장 하부 공간 및 인접 이면도로를 활용하여 상부 도로로 연결될 수 있도록 적극 검토하겠습니다.마. 아울러, 공사 시행 시 귀하의 민원 사항(소음, 분진 균열 등)이 최소화 될 수 있도록 공사 현장 안전 조치를 철저히 하고 관련 법령을 준수하여 시행하겠습니다.4. 귀하의 민원에 만족스러운 답변이 되었기를 바라며 답변 내용에 대한 추가 설명이 필요한 경우, 공사 시행과 관련한 사항은 사하구 교통행정과 김일희(☏051-220-0192), 주차장 수용 및 조성 계획에 관한 사항은 사하구 주차관리과 박미현(☏051-220-4512)으로 연락주시면 친절히 안내해 드리도록 하겠습니다. 감사합니다.붙임  민원내용 1부.  끝."
다대포공원 돌다리말입니다,답변완료,2024-08-26 09:49:40,안전도시국 도시정비과,저번주 금요일(23일)  저녁 분수쇼 보러가려고  주차를했습니다주차를하고 걸어가는길에 마주편쪽에 플리마켓같은것을 하더라구요가보려고 돌다리로 걸어가려고하는데 3번째돌쯔음 딛는동시에미끄러져서 다리가 돌에 다쓸리면서 물에 빠졌습니다너무 아프고 피도 너무 나고해서 그당시엔 사진을 못찍었는데돌에 진흙이 가득차 너무 미끄러웠습니다돌다리쪽엔 불도하나 비치고 있지않아서 돌의 상태가 어떤지 보이지도않습니다누구라도 충분히 미끄러질만한 곳입니다 통행금지표지가 있어야할곳에그런표지판이 하나없다뇨...지금 저는 제대로 걷지도 못하고 있습니다다리상태는 사진으로 올려놓겠습니다※ 첨부파일 :20240823_213336.jpg20240823_213327.jpg,"1. 평소 구정 발전에 관심을 가져 주셔서 감사합니다.2. 귀하께서 신고하신 해수천 내 징검다리 관련으로 불편을 겪으신 점 송구스럽게 생각하며, 현재 징검다리 미끄럼주의 표지판이 설치되어 있지만, 이용자의 안전을 위해 안내표지판 추가 설치 등 다각적으로 검토하겠습니다.3. 귀하의 질문에 만족스러운 답변이 되었기를 바라며, 기타 궁금하신 사항은 도시정비과(☎220-4721)로 문의하시면 성심껏 답변 드리겠습니다. 감사합니다.  끝."
을숙도 어도관람실 관련,이송이첩,2024-08-26 17:45:48,없음,"업무에 노고 많으십니다.담당자님.저는 금주에 을숙도에 위치한 어도관람실을 방문하였습니다.하지만, 첨부 사진과 같이 이끼로 인하여 강 내부를 전혀 볼 수 없었습니다.관련하여 실제 강 내부 어류를 볼 수 있도록 이끼 청소가 가능한지 확인 부탁 드립니다.아울러, 을숙도 어도관람실에 대한 광고가 부족한 것 같습니다.제가 을숙도 주위에 10년을 살았지만 최근에 어도관람실이 있다는 사실을 알고 처음 방문하였습니다.시설에 대하여 홈페이지 등에 광고를 하면 어떨지 문의 드립니다.정리하면 아래 2가지 사항에 대한 가능 여부 회신 부탁 드립니다.감사합니다.첨부 - 어도관람실 사진- 아 래 -1. 을숙도 어도관람실 외부 유리창 이끼 제거 (실제 물고기가 있어도 이끼로 인해 확인 불가)2. 어도관람실 홈피 내 소개 (참고로, 서포터즈 블로그에 어도관람실 소개글이 있음은 확인)※ 첨부파일 :어도관람실_20240826_173255212.jpg",없음
관음사 위 황토길 보수 관리?,답변완료,2024-08-25 23:45:11,교통환경국 산림녹지과,"날은 참 덥지만, 아침에 오랜만에 당리동 관음사 위의 황토길을 걸어 봤습니다.단 한 사람이 황토길 아랫길을 왕복해서 걷고 있더군요.저는 용기를 내어 처음부터 끝까지 황토길을 걸었지요.처음에는 시작부터 끝까지 걸었지만, 황토가 거의 씻겨 나간 250보 정도 구간(사진, 황토길 2)은 걷기가 너무 힘들더군요.아파서 그 구간은 포기하고, 대신 걸을 만한 200~240보 구간(사진, 황토길 1)만 왕복해서 대여섯 번 걷다가 왔어요.부탁 드립니다지금은 좀 더워서 그렇지만, 조만간...황토가 거의 없는 황토길 2구간(제 사진)을 보수 관리해 주시면 좋겠습니다어싱(땅 밟기) 좋다는데, 사하구 황토길도 참 좋은데 말입니다미리, 고맙습니다※ 첨부파일 :[크기변환]황토길1.jpg황토길2.jpg","1. 우리구 녹지행정 발전에 관심을 가져주신 데 대하여 깊은 감사를 드립니다.2. 귀하께서 신청하신 민원사항에 대하여 다음과 같이 회신합니다.가. 민원요지○ 승학산 황톳길 보수·관리나. 답변요지○ 귀하께서 요청하신 승학산 황톳길 보수·관리와 관련하여 9월중 황톳길 보수사업 진행 예정임을 알려드립니니다.○ 최근 산림 내 정비 요청 민원이 증가함에 따라 민원 해소를 위하여 순차적으로 정비 시행 중이오니 기간이 다소 소요되더라도 너그러이 양해해 주시기를 바랍니다.3. 귀하의 질문에 만족스러운 답변이 되었기를 바라며, 답변 내용에 대한 추가 설명이 필요한 경우 사하구 산림녹지과(☎220-4545)로 연락주시면 성실히 안내드리겠습니다. 감사합니다.붙임  상담민원(관음사 위 황토길 보수관리) 1부.  끝."
하단동 1162(스타벅스 옆 우회전구간) 고정형 주정차 단속 카메라 설치 요청,답변완료,2024-08-25 10:20:32,교통환경국 주차관리과,"안녕하십니까 하단2동 주민입니다. 항상 사하구를 위해 힘써주시는 공무원분들께 감사드립니다.해당 민원은 사하구청 교통부서에 신청드립니다.도로 사진 및 카메라 사진은 첨부파일 참고 부탁드립니다.출근 시간대 하단동 1162(스타벅스 옆 우회전 진입구간)에 트레일러나 특장차인 불법주정차가 많아 우회전 진입구간이 짧아져 항상 해당구간 우회전 진입 시 위험한 상황이 많이 발생하고 있습니다.이에 저도 과거에 구청 당직실에 불법주정차 단속을 요청한 적이 있습니다만, 아무래도 물리적으로 제한이 있는 것을 잘 알고 있습니다.그래서 하단우체국 앞과 하단오거리 다이소 앞에 설치 된 고정형 불법카메라를 해당 구간을 촬영할 수 있게 설치해주시어 불법주정차주에게 과태료 경고 문자가 자동으로 갈 수 있도록 하여 해당 구간 우회전 진입 차량의 위험부담을 줄여주셨으면 합니다.※ 첨부파일 :카메라.jpg도로사진.jpg카메라2.jpg","1. 귀하께서 신청하신 민원에 대한 검토결과를 아래와 같이 알려드립니다.2. 귀하의 민원내용은 “불법주정차 고정형 CCTV 이전”에 관한 것으로 판단됩니다.3. 귀하의 질의사항에 대한 검토의견은 다음과 같습니다.- 이전 설치를 요청하신 고정형 CCTV 중 하단우체국 맞은편 CCTV은 상가 밀집지역 삼거리에 위치하고 있어 이전은 불가하며, 하단역 일원 고정형 CCTV는 2025년타 구역 재배치 예정입니다.- 건의하신 구역의 불법주정차 문제에 대해 인지하고 있으며, 해당구역에 단기적으로불법주정차 CCTV 설치 및 이전 설치는 불가하나 장기적으로 설치를 검토하도록하겠습니다.- 또한 고정형 CCTV 설치 전까지는 타 구역과 함께 이동식 단속 차량을 통해 주차단속을 실시하도록 하겠으며, 불법주차로 인한 불편사항이 최소화되도록 하겠습니다.4. 해당 지역의 불법주정차로 인해 생활불편이 발생될 시, 평일 09:00~18:00에는주차관리과(☎220-4561~5)로, 평일 야간 및 공휴일에는 구청당직실(☎220-4222)로신고하여 주시면 신속히 불편사항을 처리해 드리겠습니다.5. 귀하의 질문에 만족스러운 답변이 되었기를 바라며, 답변 내용에 대한 추가 설명이필요한 경우 주차관리과로 문의하시면 성심껏 답변 드리겠습니다.붙임  1. 2024년8월27일-a0-민원상담목록번호232666.2. 카메라.3. 도로사진.4. 카메라2.  끝."
내리막길에서 도로 진입시 사고 위험이 있습니다.,답변완료,2024-08-24 16:25:20,교통환경국 교통행정과,사하구 신산북로 33번길 내리막길에서 큰도로 진입시 좌우 시야 확보가 안되어서 사고 위험이 많습니다.좌우 시야를 확보하기 위해서는 차량이 도로쪽으로 진입해야만 가능합니다.문제 해결을 위해서는 건너편에 반사경 설치를 해주셨으면 감사하겠습니다.사고 방지를 위해서 사하구청에서 빠른 답변과 조치 부탁드립니다.,"1. 안녕하십니까? 평소 우리 구정 업무에 관심을 가져주셔서 감사드리며, 귀하께서 신청하신 민원(신청번호 202408241625208714)에 대한 검토 결과를 다음과 같이 알려드립니다.2. 귀하의 민원내용은 “신산북로 33 일원 반사경 설치 요청”에 관한 사항으로 판단되며, 반사경 설치가 가능한 구간을 검토하여 조속히 조치하도록 하겠습니다.3. 귀하의 민원에 만족스러운 답변이 되었기를 바라며, 답변 내용에 대한 추가 설명이 필요한 경우 사하구 교통행정과 김일희 주무관(☏051-220-0192)에게 연락주시면 친절히 안내해 드리도록 하겠습니다. 감사합니다.붙임  민원내용 1부.  끝."
승학산 공원 운동시설 주변 청소,답변완료,2024-08-24 11:59:20,교통환경국 산림녹지과,유난히 무더운 올해 공무에 수고가 많으십니다언제나 사하구를 사랑하는 주민입니다승학산을 사랑하여 매일 산보하고 지켜보는 주민입니다승학산을 오르다 보면 무학사 절 앞의 테크가 많이 손상되어 있음을 볼 수 있습니다 발판의 미끄럼 방지 판도 많이 떨어져 있고요 하루빨리 수리 부탁드립니다 그 위쪽에 운동하는 공간이 있습니다 많은 사하구 구민들이 사랑하는 공간입니다얼마전에 좋은 운동기구를 추가 설치하여 주심에 감사드립니다그런데 수풀이 우거져 운동에 많은 도움이 됩니다만 비나 바람이 온 후에 낙엽이 떨어져 많이 쌓여 있음을 볼 수 있습니다. 자주 청소해 주셨으면 감사하겠습니다 물론 사용하는 이들이 힘을 모아 청소해야겠지요 그런데 사용자들이 자주오시는 분도 계시지만 잠시 왔다가시는 분들이 많고 노약자들이 특히 많습니다 청소도구도 많이 부족합니다 구청 차원에서 도와주시면 감사하겠습니다고충을 한가지 더 말씀 드리겠습니다 그 바로 위에 있는 족구장 사용자들에 관련된 것입니다 족구  후 꼭 담배를 많이 피웁니다 바로 아래 운동하면 그 연기가 그대로 흘러 내립니다 꼭 좀 단속부탁드립니다,"1. 우리구 산림행정 발전에 관심을 가져주신 데 대하여 깊은 감사를 드립니다.2. 귀하께서 신청하신 민원사항에 대하여 다음과 같이 회신합니다.가. 민원요지○ 승학산 제석골 산림공원 주변 관리나. 답변요지○ 귀하께서 요청하신 승학산 공원 운동시설 일원 정비와 관련하여 빠른 시일 내에 (9월 중) 현장 확인하여 제초와 시설물 정비 진행하도록 하겠으며,○ 해당 운동시설(족구장 등)은 타부서 소관으로 해당 부서에 관련 민원 안내하겠습니다.○ 최근 산림 내 정비 요청 민원이 증가함에 따라 민원 해소를 위하여 순차적으로 정비 시행 중이오니 기간이 다소 소요되더라도 너그러이 양해해 주시기를 바랍니다.3. 귀하의 질문에 만족스러운 답변이 되었기를 바라며, 답변 내용에 대한 추가 설명이 필요한 경우 사하구 산림녹지과(☎220-4545)로 연락주시면 성실히 안내드리겠습니다. 감사합니다.붙임  2024년9월2일-a0-민원상담목록번호232565 1부.  끝."
신산북로 33번길 내리막길 반사경 설치 요망합니다,답변완료,2024-08-24 09:12:16,교통환경국 교통행정과,차량통행이 많이 생긴 길에 반사경 설치가 되어있으면 정말 좋겠습니다.신산북로 33번길 내리막길 차량 진출시 좌우측 시야 확보가 매우 어렵습니다.경사가 극심하고 사람들도 통행하는 길이기 때문에 사고 우려가 상당히 높다고 생각합니다.반사경 하나만 설치되어도 통행하는데 정말 큰 도움이 될 것 같습니다.부디 구청에서 반사경 설치를 적극 지원해주시면 감사하겠습니다.,"1. 안녕하십니까? 평소 우리 구정 업무에 관심을 가져주셔서 감사드리며, 귀하께서 신청하신 민원(신청번호 202408240912168663)에 대한 검토 결과를 다음과 같이 알려드립니다.2. 귀하의 민원내용은 “신산북로 33 일원 반사경 설치 요청”에 관한 사항으로 판단되며, 반사경 설치가 가능한 구간을 검토하여 조속히 조치하도록 하겠습니다.3. 귀하의 민원에 만족스러운 답변이 되었기를 바라며, 답변 내용에 대한 추가 설명이 필요한 경우 사하구 교통행정과 김일희 주무관(☏051-220-0192)에게 연락주시면 친절히 안내해 드리도록 하겠습니다. 감사합니다.붙임  민원내용 1부.  끝."
사하구 5번 마을버스 출근 아침배차.약한 에어컨,답변완료,2024-08-23 21:26:38,교통환경국 교통행정과,아침6시부터  8시까지 출근 시간 괴정에서  무지개 공단내 아침 출근시간 너무 복잡합니다.공단내 8시까지 출근인데  앞차 앞차 하다가 6시35분에도 겨우 끼어서 타고 있어요.사람도 많은데 에어컨도 시원찮고 아침이라도 차량을 늘려주세요.작은버스  1시간에  두번 운행 콩나물시루처럼 빽빽히겨울에는 더 복잡합니다. 오뎅공장. 무지개 공단내  근로자가 얼마나 많은데아침이라도 마을버스 자주 오게 해주세요. 냄새나는 공단 걸어다닐수도 없고 ㅠㅠ,"1. 평소 우리 구정에 대한 협조와 관심에 깊이 감사드립니다. 귀하께서 신청하신 민원(접수번호 202408232126388612)에 대한 검토결과를 다음과 같이 알려드립니다2. 귀하의 민원내용은 마을버스(사하구 5번) 이용불편에 관한 것으로 이해됩니다.3. 귀하의 질의사항에 대해 검토한 의견은 다음과 같습니다.- 먼저 대중교통 이용에 불편을 드린 점에 대해 사과의 말씀을 드립니다.- 해당 민원내용을 사하구 5번 마을버스 운송업체인 (주)하나교통에 전달하여「여객자동차 운수사업법 제21조(운송사업자의 준수 사항)」에 대해 교육을 실시하고, 마을버스 증차 및 배차간격 단축방안에 대해 모색하도록 하겠습니다.- 더불어 귀하가 겪으신 불편사항이 반복되지 않도록 지속적으로 계도하여 주민을 위한 대중교통이 될 수 있도록 하겠습니다.붙임 : 2024년9월2일-a0-민원상담목록번호232496.  끝."
사하구 국민체육센터 운영 조례 일부개정조례안 관련 향후 운영방안 문의,답변완료,2024-08-23 11:38:06,자치행정국 체육홍보과,"1. 민원업무에 수고가 많으십니다.2. 접수번호 202310261144454641 , 2023년 10월 26일 사하구국민체육센터 헬스장 이용 관련 문의 민원 관련입니다.3. 2024년 8월 21일 예고된 표제의 [부산광역시 사하구 국민체육센터 설치 및 운영 조례  일부개정조례안] 통과 시 국민체육센터 사용료 전체적 인상과 사용료 감면율 정비(주요 이용층인 주민 감면율의 30에서 20로 축소)로 선행민원의 답변인 추후 사용료 인상이나 해당 서비스 유료화 등을 통해 서비스 재개가 가능한 여건이 조성되면 시행할 수 있도록 노력하겠습니다.의 여건이 충족됨으로 보입니다.4. 이에 선행민원의 답변을 고려하여 헬스복 및 수건 지급 서비스 재개 계획에 대하여 확인을 요청드립니다. 감사합니다.","1. 안녕하십니까? 평소 구정 발전에 많은 관심 가져 주셔서 감사드립니다.2. 귀하의 민원 내용은 ‘헬스복 및 수건 지급 서비스 재개 계획에 대한 확인요청’으로 이해됩니다.3. 「부산광역시 사하구 국민체육센터 설치 및 운영 조례 일부개정조례안」의 사용료 인상과 감면규정 정비는 최근 3년간 급격한 공공요금 인상으로 인한 운영난을 해소하기 위해 최소한의 인상율을 반영하여 입법예고중인 사안으로,4. 귀하께서 제안하신 내용에 대해서는 개정조례 시행 후 실제 운영 개선 여부 및 운영수지, 시설 이용 주민의 수요 등을 종합적으로 파악하여 검토하도록 하겠습니다.5. 추가 궁금하신 내용은 사하구 체육홍보과(☎051-220-5852)로 연락하여 주시면 상세히 답변 드리겠습니다. 감사합니다."
안전사고 예방차 언덕길 평탄화 요청 건,답변완료,2024-08-23 09:01:09,안전도시국 건설과,"안녕하세요, 2025년 1월 준공 예정인 하단동 사하삼정그린코아더시티 예비 입주민입니다.표제 건 관련, 제가 첨부의 네이버 지도 스크린샷에 표시해둔 것 처럼저희 아파트와 다전그린아파트 사이의 언덕길이 평탄화가 되어 있지 못하여 여러 안전사고가 우려됩니다.사진으로 보면 해당 언덕길이 가파르게 보이지 않으나, 현장을 직접 걸어보면 굉장히 가파르고 평탄화가 되어 있지 못해 더 힘이 드는 상황입니다.입주 전 평탄화 작업이 이뤄지면 좋을 것으로 보이는데, 안전사고 예방을 위해, 바쁘시겠지만 긍정적인 검토 부탁 드립니다.※ 첨부파일 :현장사진_낙동대로486번길.jpg네이버지도스크린샷_240823.png","1. 귀하의 가정에 건강과 행복이 가득하길 기원합니다.2. 귀하께서 건의하신 ‘낙동대로486번길 일원 도로 평탄화 요청’ 민원건에 대하여 다음과 같이 답변드리오니, 답변 내용에 대한 추가 설명이 필요한 경우 건설과 정종인(☎220-4695) 주무관에게 문의하여 주시면 성심껏 답변드리겠습니다. 감사합니다.▣ 민원개요- 민 원 인 : 김**- 민원내용 : 낙동대로486번길 일원 도로 평탄화 요청▣ 답변내용- 건의하신 도로구간 평탄화의 경우 시․종점부가 고정 되어있는 지역 여건으로 주변 구역을 포함한 재개발 사업 등 장기적인 도시계획수립이 우선되어야 하는 사항으로 현재는 조치가 어려운점 양해하여 주시기 바랍니다.붙임 1. 상담민원 1부.2. 위치도 및 현장사진 1부.  끝."
불법주정차 대책 마련 요청 건,답변완료,2024-08-23 09:09:15,교통환경국 주차관리과,"안녕하세요, 2025년 1월 입주예정인 사하 삼정그린코아더시티 예비 입주민 입니다.잘 아시다시피, 본 현장의 주 출입구는 승학로 3번길입니다.그러나, 제가 표시해둔 승학로 3번길은 불법주차가 성행되고 있는 곳이며, 입주뒤에는 불법주정차가 많은 교통체증과 혼란을 야기할 것으로 생각됩니다.이에, 해당 구간에 대한 불법주정차 방지를 위한 대책을 마련해주시면 정말 감사하겠습니다.감사합니다.※ 첨부파일 :승학로3번길_240823.png","1. 귀하께서 자체접수하여 신청하신 민원에 대한 검토결과를 다음과 같이 알려드립니다.2. 귀하의 민원내용은 “하단 삼정그린코 공사현장 주변불법주정차 단속요청”에 관한 것으로 판단됩니다.3. 귀하의 질의사항에 대한 검토의견은 다음과 같습니다.가. 우선 귀하께서 해당 지역의 불법주차로 불편을 겪으신 점 송구스럽게 생각합니다.나. 해당 지역에 대하여는 이동식 단속 차량을 이용하여 주차단속을 하고 있으나, 주차단속업무의 특성상 단속 당시에만 효과가 있어 단속에 애로사항이 많은 점 넓은 마음으로 이해하여 주시기 바랍니다.다. 해당 지역에 대해서는 이동식 단속차량을 통한 주차계도 및 단속을 실시하여 불법주차로 인한 귀하의 불편사항이 최소화되도록 하겠습니다.4. 해당 지역의 불법주정차로 인해 생활불편이 발생될 시, 평일 09:00~18:00에는 주차관리과(☎220-4561~5)로, 평일 야간 및 공휴일에는 구청당직실(☎220-4222)로 신고하여 주시면 신속히 불편사항을 처리해 드리겠습니다.5. 귀하의 질문에 만족스러운 답변이 되었기를 바라며, 답변 내용에 대한 추가 설명이 필요한 경우 주차관리과(이성훈, ☎220-4562)로 문의하시면 성심껏 답변 드리겠습니다."
아미산 노을마루길 제초작업,답변완료,2024-08-22 12:51:12,교통환경국 산림녹지과,아미산 노을마루길 제초작업좀 부탁드립니다아미산 전망대 밑에 공원은 2주전에 하시다ㆍ중단을 하셨는데ㆍ아마도 더위 때문이 아닌가 싶어서죄송한 마음도 있지만ㆍ사람이 다닐수가 없어서 사진과 건의 드립니다？조속히 부탁 드립니다？고맙습니다？※ 첨부파일 :20240822_080750.jpg,1. 우리구정 발전과 공원업무에 관심을 가져주셔서 감사드립니다.2. 귀하께서 신청하신 민원사항에 대하여 다음과 같이 회신합니다.가. 민원요지○ 아미산 노을마루길 제초작업나. 답변요지○ 귀하께서 말씀하신 아미산 노을마루길 제초작업은 9월 첫째주까지 작업완료할 예정입니다.3. 기타 궁금하신 사항은 사하구 산림녹지과(☎220-4525)로 연락주시면 성실히 답변해 드리겠습니다. 감사합니다.  끝.
다대도서관 2층 어린이실에서 부모님들이 너무 떠드시네요!!,답변완료,2024-08-21 16:14:08,도서관,어린이실이 들락날락 이기 때문에 어쩔수 없는 조금은 시끄러움은 당연하다 생각하고 이용하고 있습니다.그런데 아이를 수업에 들여 보내놓고 기다리는 어머님여러명이너~~~~무 시끄럽습니다.여기가 카페도 아니고 너무 이야기를 시끄럽게 많이 하십니다책읽던 아이도 인상을쓰며 시끄럽다 합니다사서 선생님들도 딱히 주의를 주시지도 않고떠드는 소음에 이어폰을 꼈음에도 소리 다들립니다.그렇게 할 이야기가 많으시면 카페를 가셔야 되는거 아닙니까???관리가 필요합니다,"1. 다대도서관 이용시설에 관심을 가져주셔서 감사드리며, 귀하께서 요청하신 내용에    대하여 다음과 같이 답변 드립니다.2. 귀하의 민원내용은 “어린이복합문화공간 소음 문제”에 관한 것으로 이해됩니다.3. 먼저 어린이복합문화공간 소음 문제로 이용에 불편함을 드려 대단히 죄송합니다.    귀하의 요청사항에 대한 답변은 다음과 같습니다.- 들락날락 프로그램의 수강생 보호자 분들께 주변의 도서관 이용객들이 방해를 받을 수있는 지나친 대화는 자중해야 함을 안내하겠습니다.- 또한 자료실 직원들에게 자체교육을 실시하여 아이들이 책을 읽기에 쾌적한 환경이   조성될 수 있도록 노력하겠습니다.4. 소중한 의견 감사드리며, 기타 궁금하신 사항에 대해서는 다대도서관 최윤영 주무관   (☎220-5874)으로 연락 주시면 친절히 안내해 드리겠습니다. 감사합니다.붙임  1. 2024년08월22일-a0-민원상담목록번호232156."
？？생활이익이 침해 될 수준인 포스코 소음!,답변완료,2024-08-21 11:49:23,교통환경국 환경위생과,"베란다 창문를 닫고 데시벨 측정시, 평균 75를 윗도네요실내에서 옆사람과 대화가 불가능 할 정도입니다이 정도면 생활이익이 침해될 수준인 수인불가 소음이라 사료됩니다민원 제기를 했더니, 제 역할도 못하는 메트벽을 세워놓고는방음벽을 설치했다며 본분을 다 한 것처럼면피를 하는 건설사측의 태도에 주민들의 인내심마저 바닥나게 하네요.본인들의 1차 조치에도 민원이 넘쳐난다면대책을 세워 2차 조치를 해야 되는게 아닐까요?어차피 해야 될 공사, 자체를 중단하라는 뜻이 아닙니다생활이익을 침해할 수준의 소음 피해를 보는주민들의 입장을 고려하여 대책방안을 재검토할 필요가 있어보입니다.","1. 안녕하십니까? 귀하께서 신청하신 민원에 대한 검토 결과를 다음과 같이 알려드립니다.2. 귀하의 민원내용은 “부산 당리승학 지역주택조합 공동주택 신축공사 소음으로 인한 불편사항”에관한 것으로 이해됩니다.3. 귀하의 민원사항에 대해 검토한 의견은 다음과 같습니다.- 현장확인 결과 지반조성작업 중 천공기, 브레이커 사용 등으로 인한 소음발생 확인하였습니다.- 타 민원인 거주지 방문하여 소음 측정한 결과 생활소음규제기준 초과[71dB(A)기준 65dB(A)]에 따른행정처분 및 과태료 부과 하고자 하며,- 민원인의 불편사항을 현장관계자에게 전달하여 고소음 작업 시 기계장비 분산 사용, 방음시설 보완 등 소음 최소화 할 수 있는 방안 마련하여 공사장 소음관리 철저토록 행정지도 하였습니다.4. 기타 궁금한 사항이 있을 경우, 사하구 환경위생과 이상근 주무관(☏051-220-4397)에게 연락주시면 친절히 안내해 드리도록 하겠습니다. 감사합니다."
*포스코 건설 소음영상,답변완료,2024-08-21 11:58:57,교통환경국 환경위생과,앞으로 수시 기록 예정입니다※ 첨부파일 :_talkv_wv6aCF7KS7_3LAAoFf4O3HLuQuFBcYGr1_talkv_high.mov,"1. 안녕하십니까? 귀하께서 신청하신 민원에 대한 검토 결과를 다음과 같이 알려드립니다.2. 귀하의 민원내용은 “부산 당리승학 지역주택조합 공동주택 신축공사 소음으로 인한 불편사항”에관한 것으로 이해됩니다.3. 귀하의 민원사항에 대해 검토한 의견은 다음과 같습니다.- 현장확인 결과 지반조성작업 중 천공기, 브레이커 사용 등으로 인한 소음발생 확인하였습니다.- 타 민원인 거주지 방문하여 소음 측정한 결과 생활소음규제기준 초과[71dB(A)기준 65dB(A)]에 따른행정처분 및 과태료 부과 하고자 하며,- 민원인의 불편사항을 현장관계자에게 전달하여 고소음 작업 시 기계장비 분산 사용, 방음시설 보완 등 소음 최소화 할 수 있는 방안 마련하여 공사장 소음관리 철저토록 행정지도 하였습니다.4. 기타 궁금한 사항이 있을 경우, 사하구 환경위생과 이상근 주무관(☏051-220-4397)에게 연락주시면 친절히 안내해 드리도록 하겠습니다. 감사합니다."
미혼남녀 만남의날에 대해 질문드립니다.,답변완료,2024-08-21 23:16:32,주민복지국 가족행복과,"https:news.kbs.co.krnewspcviewview.do?ncd=7995530위와 같이, 인터넷에는 기사가 나와 있는데사하구청 홈페이지에는 그 어떤 곳에서도 관련 정보를 찾을 수가 없네요.검색으로도 안 나옵니다.소문만 무성한건가요?계획이 진행 중인건지, 이미 마감이 된건지 아니면 진짜로 10월에 진행하실 건지 현재 상황을 알고 싶습니다.","1. 귀하의 가정에 행복을 기원합니다.2. 귀하의 민원 내용은 “미혼남녀 만남의 날 「두근구근 사하 브릿지」신청 문의”에      관한 내용으로 이해됩니다.3. 우리 구 에서는 미혼남녀 만남의 날 「두근구근 사하 브릿지」행사를 올해 11월 9일(토)     ~ 11월 10일(일) 개최 예정으로, 기타 신청기간 및 신청방법 등은 9월 초 사하구청       홈페이지에 공고 예정이니 참고하시기 바랍니다.4. 기타 궁금하신 사항은 사하구 가족행복과 구은경(☎051-220-5614)에게 연락주시면     성심껏 답변드리겠습니다. 감사합니다.붙임  1. 2024년8월23일-a0-민원상담목록번호232212.  끝."
감천항로6 화물차 도로점거,답변완료,2024-08-20 10:10:23,교통환경국 주차관리과,안전신문고 112등 신고를 해도 전혀 바뀌질않습니다. 경찰분들은 이제 본인들이 하는 분야가 아니라 구청에 연락해라고 미루기 일수고 단속차를 보내달라고해도 오지도않고 한번 와서 방송한번하고 5분뒤 다시 와서 단속을 하지않습니다. 뭐 어떻게 하라는겁니까??? 단속cctv 설치해달라고 23년12월에 구청방문하여 건의하여도 돈 많이든다 다른곳에 설치해야한다라고 하고 그냥 뭐 차에 깔려죽으라는겁니까 성보냉장에 안전요원을 배치해서 차량 통제를 좀 하던지 민원 및 신고를 해도 아무 조치도 없으면서 신고하는 이유가 대체 뭔가요???  도로 점거하고 배째라 하는 회사 및 기사들은 편하게 살고 그 새끼들때문에 불편하다고 말하는 사람들은 그냥 묵살합니까 . 날짜 시간도 상세히 해서 신고해봐야 돌아오는 답변은 형편없고 쓸대없는 형식적인 말뿐 개선의지는 전혀없으며 관리를 하지도않습니다※ 첨부파일 :감천항로6 불법주정차.zip신고내역.zip,"1. 귀하께서 자체접수하여 신청하신 민원에 대한 검토결과를 다음과 같이 알려드립니다.2. 귀하의 민원내용은 “감천항로 8 주변 불법주정차 단속 및 무인단속카메라 설치 요청”에 관한 것으로 판단됩니다.3. 귀하의 질의사항에 대한 검토의견은 다음과 같습니다.가. 우선 귀하께서 해당 지역의 불법주차로 불편을 겪으신 점 송구스럽게 생각합니다.나. 불법주정차 무인단속카메라는 많은 예산이 수반되는 고가의 장비로 주요 간선도로변의 교통체증지역 및 초등학교 정문 앞 어린이보호구역 등에 대하여 순차적으로 설치하고 있어 당분간 설치가 어려우나 장기적으로 설치를 검토해보겠습니다.다. 해당 지역(성보냉장 입구)에 대하여는 잦은 민원으로 이동식 단속 차량을 이용하여 수시로 단속을 하고 있으나, 주차단속업무의 특성상 동일한 위치에 10분이상 정차 하여야만 단속이 가능하여 단속에 애로사항이 많은 점 넓은 마음으로 이해하여 주시기 바랍니다.라. 해당 업체에 대해서는 관계자에 연락하여 차량 정리 등을 요청하고 있습니다. 교통과 내에서 관련 담당자들과  논의 하였으나  해당 업체에 법적 처분이나  강제할 방안은 없음을 알려드립니다.4. 아울러 해당 지역의 불법주정차로 인해 생활불편이 발생될 시, 평일 09:00~18:00에는 주차관리과(☎220-4561~5)로, 평일 야간 및 공휴일에는 구청당직실(☎220-4222)로 신고하여 주시면 신속히 불편사항을 처리해 드리겠습니다.5. 귀하의 질문에 만족스러운 답변이 되었기를 바라며, 답변 내용에 대한 추가 설명이 필요한 경우 주차관리과(이성훈, ☎220-4562)로 문의하시면 성심껏 답변 드리겠습니다."
경사지 하수도 누수로 인한 민원,답변완료,2024-08-18 15:55:55,안전도시국 도시정비과,"사하구 감천로 189-4 민원인의 집 앞으로 하수의 누수로 계속 물이 흐르고 있습니다.두차례의 색소검사로 189-5에서 발생한 하수 누수임이 확인 되었으나 189-5는 땅을 파 본 결과 개인관이 아닌 공용관이 묻혀있다는 이유로 수리할 수 없다는 입장이고 구청은 공용관이 아니란 의견이라 누수로 인한 피해는 온전히 물이 흐르는 두 집이 (189-4, 189-3)이 보고 있는 실정입니다.구청과 주민센터 모두 출장을 나와 현장 확인을 하겠다고만 하고 이후 아무런 조치가 없는데 개인관로라 개인의 책임이면 행정명령이라도 있어야 할 것 이며 구청의 책임이라면 더이상 피해가 없도록 시급히 공사가 이루어져야 할것입니다.여름에도 흐르는 물에 이끼가 끼어 자칫 또다시 낙상사고가 날 까 걱정이며 189-3은 옹벽을 타고 물이 흘러 옹벽 안전도 걱정하고 있습니다.누수량이 점점늘며 악취문제도 발생하고 있습니다.이에 본 누수건이 어떻게 조치되고 있는지 답변 부탁드립니다.","1. 평소 구정 발전에 도움을 주셔서 감사합니다.2. 감천로 189-3 일원 하수누수 사항은 불편사항해소를 우선 누수가 의심되는 구간에 대해 확인굴착 등 점검 예정임을 알려드립니다.3. 만족스러운 답변이 되었기를바라며, 기타 궁금하신 사항은 도시정비과(☎220-4686)로 전화주시면 자세히 답변 드리겠습니다.붙임 1. 상담민원 1부.2. 위치도 및 현장사진 1부.  끝."
해바라기 공원 비둘기 좀 처리해주세요,답변완료,2024-08-17 13:41:00,교통환경국 환경위생과,해바라기 공원(하단동1184-4)에 비둘기 먹이 주는 사람이 여럿 있습니다유선으로 문의 했으나 전혀 개선이 되지 않습니다공원 운동기구에 비둘기 배설물(사진 참조)로 이용하기가 힘들고 통행중 비둘기 배설물에 맞는등 피해가 속출합니다CCTV를 이용한 단속과 큰 푯말 설치해서 비둘기 밥을 못주게 해야 됩니다신속한 처리부탁드립니다※ 첨부파일 :20240817_132206.jpg20240817_132200.jpg,"1. 우리 사하구 구정 발전에 적극 참여해 주셔서 감사드립니다.2. 귀하께서 게재하신 비둘기 먹이주기로 인한 피해 및 불편사항과 관련하여 다음과같이 답변 드립니다.- 집비둘기는 서식밀도가 너무 높아 분변 및 털 날림 등으로 건물 부식 등의 재산상 피해를 주거나 생활에 피해를 주고 있어『야생생물 보호 및 관리에 관한 법률』에 따라 유해야생동물로 관리 되고 있으며,- 귀하의 민원과 관련하여 현장 확인할 당시에는 비둘기 먹이를 발견하지 못하였으나,구민의 불편사항 해소를 위하여 비둘기 먹이주기 금지 안내문을 부착하였음을 알려드립니다.- 하지만 현재 비둘기 먹이 주는 행위를 시정할 현행 법규 및 규정이 없어 단속과 처벌에는 어려움이 있는 점 양해 부탁드립니다.3. 비둘기로 인한 주민 불편사항에 대하여 궁금하신 사항이 있으시면 사하구 환경위생과(담당자, ☎051-220-4385)로 문의하여 주시면 친절히 답변 드리겠습니다. 감사합니다.붙임  1. 2024년8월17일-a0-민원상담목록번호231619.2. 20240817_132200.3. 20240817_132206.  끝.※ 첨부파일 :20240817_132200.jpg20240817_132206.jpg"
포스코 공사때문에 못살겠습니다,답변완료,2024-08-17 12:43:07,교통환경국 환경위생과,포스O 공사가 본격적으로 시작되면서부터 소음과 분진으로 상당히 힘듭니다여러 질병으로 약을 복용중인 아내가 낮잠을 취해야하는데 그러지를 못해서 두통도 생겼습니다공기좋은 이 동네에서 창문을 열지못하고 지내게되다니 이게 왠말입니까빠른 답변 부탁드립니다,"1. 안녕하십니까? 귀하께서 신청하신 민원에 대한 검토 결과를 다음과 같이 알려드립니다.2. 귀하의 민원내용은 “부산 당리승학 지역주택조합 공동주택 신축공사 소음으로 인한 불편사항”에관한 것으로 이해됩니다.3. 귀하의 민원사항에 대해 검토한 의견은 다음과 같습니다.- 현장확인 결과 지반조성작업 중 천공기, 브레이커 사용 등으로 인한 소음발생 확인하였습니다.- 타 민원인 거주지 방문하여 소음 측정한 결과 생활소음규제기준 초과[71dB(A)기준 65dB(A)]에 따른행정처분 및 과태료 부과 하고자 하며,- 민원인의 불편사항을 현장관계자에게 전달하여 고소음 작업 시 기계장비 분산 사용, 방음시설 보완 등 소음 최소화 할 수 있는 방안 마련하여 공사장 소음관리 철저토록 행정지도 하였습니다.4. 기타 궁금한 사항이 있을 경우, 사하구 환경위생과 이상근 주무관(☏051-220-4397)에게 연락주시면 친절히 안내해 드리도록 하겠습니다. 감사합니다."
보도블록이 꺼져있네요,답변완료,2024-08-17 12:42:49,안전도시국 건설과,괴정2동 대티방면 경동스마트 횡단보도 지나서 휴마트쪽으로걸어오는데 보도블록이 몇개 꺼져있어 위험합니다.확인부탁드립니다※ 첨부파일 :1723866123168.jpg,"1. 안전한 도로 환경 조성을 위한 귀하의 신고에 감사드립니다.2. 귀하께서 건의하신 민원사항(괴정동 328-39번지, 침하된 보도블럭 정비요청)에 대하여 정비완료 하였음을 알려드립니다.3. 기타 문의사항은 사하구청 건설과 조상균 주무관(051-220-4664)에게 연락주시면 친절히 답변 드리겠습니다.붙임  1. 2024년8월25일-a0-민원상담목록번호231613.2. 위치도 및 현장사진.  끝.※ 첨부파일 :위치도 및 현장사진.hwp"
다대포 산책로 해양 쓰레기,답변완료,2024-08-17 19:11:32,시설관리사업소,"매주 다대포 산책로는 걷고 있는데 걸을때마다 보이는 해양 쓰레기들 처리 부탁드립니다.점점 많아 지는거 같아요. 아니면 쓰레기통을 많이 설치 해주세요.제발 바다에 못버리게요주기적으로 청소하거나 플로깅이라고 걸으면서 쓰레기 줍는것도 있고 시민들도 참여하며 같이 청소하는 방법도 있습니다. 어떻게는 바다에 쓰레기가 없어졌으면 좋겠습니다.그게 바다나 해양생물, 사람들한테도 좋을거같아요※ 첨부파일 :20240817_185103.jpg20240817_185221.jpg","1. 구정 및 환경보전에 대한 관심에 감사드립니다.2. 귀하의 민원내용은 ‘낙동강 하구 제방 인근 해양쓰레기 수거·처리’에 대한 것으로 판단되며 이에 대해 다음과 같이 알려드립니다.가. 우리 구에서는 매년 인력을 동원하여 주기적으로 육·해상 순찰을 통해 관내 낙동강하구, 해안가 및 항·포구의 해양쓰레기를 수거·처리하여 깨끗한 해양환경을 보전하기 위해 노력하고 있습니다.나. 귀하의 민원에 따라 해당 구역 정화작업을 완료하였음을 알려드리며, 앞으로도 해양정화에 노력하겠습니다.3. 기타 문의사항이 있으실 경우 시설관리사업소(☎220-4914)로 연락주시면 상세히 답변 드리겠습니다.붙임  1. 2024년8월17일-a0-민원상담목록번호231665.2. 민원처리.  끝.※ 첨부파일 :민원처리.jpg2024년8월17일-a0-민원상담목록번호231665.pdf"
포스코 공사 소음 너무 심합니다,답변완료,2024-08-16 14:48:57,교통환경국 환경위생과,포스코 공사 소음 및 분진 때문에 죽겠습니다하루 이틀도 아니고 소음 때문에 너무 힘듭니다몇번을 측정 해 달라고 해도 담당자가 안받을땐 전달해 준다면서 연락도없고 매일 측정 해서라도 바러 잡아야 하는거 아닌가요?바쁘고 한거 알고 하지만 우리도 살아야 하지 않겠습니까바빠서 측정하기 어려우면 포스코 담당자 불러서 측정할테니기준 이상일시 행장처분을 받게 해주시던지 햊 시면 좋겠습니다,"1. 안녕하십니까? 귀하께서 신청하신 민원에 대한 검토 결과를 다음과 같이 알려드립니다.2. 귀하의 민원내용은 “부산 당리승학 지역주택조합 공동주택 신축공사 소음으로 인한 불편사항”에관한 것으로 이해됩니다.3. 귀하의 민원사항에 대해 검토한 의견은 다음과 같습니다.- 현장확인 결과 지반조성작업 중 천공기, 브레이커 사용 등으로 인한 소음발생 확인하였습니다.- 타 민원인 거주지 방문하여 소음 측정한 결과 생활소음규제기준 초과[71dB(A)기준 65dB(A)]에 따른행정처분 및 과태료 부과 하고자 하며,- 민원인의 불편사항을 현장관계자에게 전달하여 고소음 작업 시 기계장비 분산 사용, 방음시설 보완 등 소음 최소화 할 수 있는 방안 마련하여 공사장 소음관리 철저토록 행정지도 하였습니다.4. 기타 궁금한 사항이 있을 경우, 사하구 환경위생과 이상근 주무관(☏051-220-4397)에게 연락주시면 친절히 안내해 드리도록 하겠습니다. 감사합니다."
을숙도실내체육관 배정변경요청,답변완료,2024-08-15 01:59:26,자치행정국 체육홍보과,"무더운 여름 구정활동에 여념이 없으신 구청장님이하 공무뭔 여러분의 노고에 감사드립니다.을숙도 테니스장이 다목적 실내구장으로 변경되면서 더운여름이나  우중에도 운동이 가능한 시설로 바뀌어 유용하게 사용할수 있어서 장점이  있습니다만 금전적 비용문제나 추첨으로 젊은 사람들이 조직적으로 신청에  참여함으로 인해 나이많은 기존의 테니스회원들은 구장사용이 어려워 죽쒀서  개준 꼴인 그림의 떡이 되어버렸습니다.실제로 주말에 사용해보면 저희외에는 거의 젊은사람들이 차지해버리고 기존의 테니스회원들은 찾아 볼 수가 없습니다.창원같은 경우는 어른신 전용테니스장을 건축중에 있으며 초고령 사회에서 인터넷에 약한 노인들을 위한 배려가 있었으면 합니다.그래서 기존의 5, 6번 사하주민 우선배정 코트를 어른신우선배정으로 병행하면 어떨까 하여 제안합니다.여러가지로 설득력이있는 의견이지 않을까  생각하며 숙의바랍니다.","1. 귀하께서 홈페이지를 통해 을숙도 다목적실내생활체육관 이용과 관련하여 신고하신     민원에 대해 안내드립니다.2. 귀하의 민원내용은 을숙도 다목적실내생활체육관 이용 및 운영에 관련된 것으로 판단되며 다음과 같이 답변드립니다.❍ 을숙도 다목적실내생활체육관은 국비, 시비, 구비 예산이 반영되어 조성된 시설로서 「부산광역시 사하구 체육시설 관리․운영 조례」의 규정에 따라 운영하는 시설임을 알려드립니다.❍ 국민권익위원회에서는 공공체육시설 운영에 있어 이용자 간의 다툼이 빈번히 발생하여 이에 대한 대안 마련과 제도개선을 촉구하고 있고 우리 구의 경우 이용자간의 분쟁을 막기 위해 공공체육시설 온라인 예약시스템을 운영하고 있습니다.❍ 5번, 6번 코트 예약에 대해 특정 연령에 맞춰 배정하는 것은 불가함을 알려드리며 을숙도 내 다목적실내생활체육관 뿐만 아니라 축구장, 풋살경기장, 리틀야구장 등 연령 및 성별과 무관하게 인터넷 예약제로 정상 운영되고 있는 점 참고바랍니다.3. 귀하의 질문에 만족스러운 답변이 되었기를 바라며, 답변 내용에 추가 설명이     필요한 경우 시설관리사업소 강봉근주무관(☎220-5857,5855)에게 연락주시면 친절히 안내해 드리도록 하겠습니다. 감사합니다.붙임  2024년8월16일-a0-민원상담목록번호231337 1부.  끝."
쓰레기좀 치뭐주세요,답변완료,2024-08-15 20:19:51,교통환경국 자원순환과,동네 길목에 몇일전부터  밤에 몰래 쓰레기를 버리고 갔네요고양이가 냄새맞고 쓰레기 봉투 다 뜯어요  빠른 조치부탁합니다담부터는 버리지못하도록 경고문 좀 달아주세요※ 첨부파일 :1723720184873.jpg1723720180452.jpg1723720188109.jpg,"1. 안녕하십니까? 귀하께서 신청하신 민원에 대한 검토 결과를 다음과 같이 알려드립니다.2. 귀하의 민원내용은 “오작로78번길 2-8 인근 무단투기 쓰레기 수거 및 금지표지판     부착”에 관한 것으로 이해되며 검토 의견은 다음과 같습니다.가. 귀하께서 제보하신 위치에 있는 폐기물은 즉시 수거 완료하였으며, 주변 일대에       계도도 실시하였습니다.나. 요청하신 무단투기 금지표지판도 부착하였으며, 해당구역 일원이 깨끗하게 유지        될 수 있도록 노력하겠습니다.3. 답변 내용에 대한 추가 설명이 필요한 경우 사하구청 자원순환과(☏051-220-4436)로     연락주시면 안내해 드리겠습니다.붙임  1. 2024년8월23일-a0-민원상담목록번호231427.2. 현장조치사진.  끝.※ 첨부파일 :현장조치사진.zip"
장평중학교 공사소음,이송이첩,2024-08-15 10:28:12,없음,"장평중학교가 올해부터 공사하는데 이번 여름방학부터 본격적으로 철거를 합니다.공사소음과 먼지가 심각한데 학생들 공간이니 이해하려고합니다.그런데 당초 공지한바로는 08-17시까지 공사를 진행하고 일요일 공휴일은 공사를 안한다고하더니이번주 8월12일부터는 매일 7시40분부터 공사를 시작하고 오늘 8월15일 국가공휴일에도 공사를 하고있습니다.주말 휴일에 쉬어야하는 사람도 있는건데 일방적으로 공사진행하시는건 아니지않나요?지역사회의 이해와 협조를 바란다면, 내걸었던 조건은 이행해주시기 바랍니다.내년까지 공사를 한다는데 답답한 마음에 글 적습니다.※ 첨부파일 :20240815_101843.jpg20240815_101722.jpg",없음
포스코 현장 소음이 너무 심합니다.,답변완료,2024-08-15 15:28:37,교통환경국 환경위생과,당리동 우림그린맨션 거주자입니다.제목과 같이 포스코 현장 소음이 너무 심합니다.하루종일 TV 소리도 들리지 않을 정도의 동일한 리듬의 소음으로 두통 및 어지럽기까지 하네요상당히 심각한 수준이지만 글로써 표현하기가 쉽지 않네요빠른 시일 내 개선될 수 있도록 조치바랍니다.,"1. 안녕하십니까? 귀하께서 신청하신 민원에 대한 검토 결과를 다음과 같이 알려드립니다.2. 귀하의 민원내용은 “부산 당리승학 지역주택조합 공동주택 신축공사 소음으로 인한 불편사항”에관한 것으로 이해됩니다.3. 귀하의 민원사항에 대해 검토한 의견은 다음과 같습니다.- 현장확인 결과 지반조성작업 중 천공기, 브레이커 사용 등으로 인한 소음발생 확인하였습니다.- 타 민원인 거주지 방문하여 소음 측정한 결과 생활소음규제기준 초과[71dB(A)기준 65dB(A)]에 따른행정처분 및 과태료 부과 하고자 하며,- 민원인의 불편사항을 현장관계자에게 전달하여 고소음 작업 시 기계장비 분산 사용, 방음시설 보완 등 소음 최소화 할 수 있는 방안 마련하여 공사장 소음관리 철저토록 행정지도 하였습니다.4. 기타 궁금한 사항이 있을 경우, 사하구 환경위생과 이상근 주무관(☏051-220-4397)에게 연락주시면 친절히 안내해 드리도록 하겠습니다. 감사합니다."
하단 원마트 아래 유플러스 지하주차장입구 인도 점유 불법 건축물,답변완료,2024-08-14 06:42:39,안전도시국 건설과,지하차도입구에 8월 12.3일경에설치된 인도 점유 높은 불법건축물로 노인발걸려 넘어짐 사고 목격후 신고합니다.안그래도 좁은 인도에높은벽건축물  이라니.어이없고사고 발생까지. 못된 양심 강력 법적 조치 답변 요청합니다.※ 첨부파일 :20240814_054928.jpg,"1. 평소 구정발전에 관심을 가져 주셔서 감사드립니다.2. 귀하께서 건의하신 민원사항과 관련하여 무단 사용한 부분에 대해 소유자에게 계도하였으며, 이를 이행하지 않을 경우 관련법령에 따라 처분토록 하겠습니다.3. 귀하의 민원에 만족스러운 답변이 되었기를 바라며, 답변내용에 대한 추가 설명이필요한 경우 건설과(☎220-4634)로 연락주시기 바랍니다.붙임  2024년8월23일-a0-민원상담목록번호231208.  끝."
신평장림산업단지사거리 화단 제초작업 요청 건,답변완료,2024-08-14 11:18:16,교통환경국 산림녹지과,안녕하세요신평에서 명지로 자주 넘어가는데신평장림산업단지사거리 화단에 풀이 많이 자라서유니클로 쪽에서 나와서 명지로 넘어사는 사거리에서 시야 확보가 안됩니다.이에 바쁘시겠지만 화단 제초작업 요청드립니다.원래도 사고가 많이 나는 곳으로 아는데빠른 작업 바랍니다.※ 첨부파일 :캡처12.PNG캡처11.PNG,"1. 우리구 녹지행정 발전에 관심을 가져주신 데 대하여 깊은 감사를 드립니다.2. 귀하께서 신청하신 민원사항에 대하여 다음과 같이 회신합니다.가. 민원요지○ 신평장림산업단지사거리 교통섬(신평동 370-17번지) 제초 등 정비 요청나. 답변요지○ 귀하께서 말씀하신 신평장림산업단지사거리 교통섬(신평동 370-17번지)은 빠른 시일 내(8월 중) 제초 등 정비하도록 하겠습니다.○ 최근 기온 상승 등으로 인한 전정 및 예초 등 녹지대 정비 요청 민원이 증가함에 따라 민원 해소를 위하여 순차적으로 정비 작업 시행 중이오니 기간이 다소 소요되더라도 너그러이 양해해 주시기를 바랍니다.3. 귀하의 질문에 만족스러운 답변이 되었기를 바라며, 답변 내용에 대한 추가 설명이 필요한 경우 사하구 산림녹지과(☎220-4531)로 연락주시면 성실히 안내드리겠습니다. 감사합니다.붙임  상담민원내용 1부.  끝."
위험간판,답변완료,2024-08-13 12:39:28,안전도시국 도시정비과,"감천1동 부일전자고등학교 버스정류장 앞 입니다.오래된 간판이 위험하게 방치 중 입니다.인근에  어린이집, 초중고 학교가 있어 학생들도 많이 다니고,곧 태풍도 올텐데 너무 위험해 보입니다.빠른시일내로 안전조치 부탁드립니다.※ 첨부파일 :IMG_7075.jpegIMG_7074.jpeg","1. 평소 구정 활동에 깊은 관심을 가져주셔서 감사드립니다.2. 귀하의 민원내용은 부일외국어고교부일전자디자인고교 버스정류장 뒤편 건물(감천로 71감천동 715-8)의 간판이 파손된 상태로 방치되어 외부로 노출된 구조물 등이 유발하는 위험에 대한 문의로 판단됩니다.3. 지목하신 간판은 사유재산으로서, 광고주 혹은 건물주 등의 관리 책임자가 정비해야 하는 바,       해당 건물의 토지 소유 법인 측을 방문해 자진 정비토록 행정지도하였으며, 소유 법인 측에서      자진 정비에 협조하겠다는 의사를 전달했음을 알려드립니다.4. 이에, 우리 구에서는 향후 관리 책임자 측의 자진 정비 상황을 점검하면서 빠른 시일 내에     정비가 되도록 유도할 것이며, 긴급한 정비가 필요할 시엔 구에서 자체적인 안전조치를 할      계획입니다.5. 귀하의 신고에 만족스러운 답변이 되었기를 바라며, 답변 내용에 대한 추가 설명이     필요하거나 불편사항 및 기타 문의사항은 우리 구 도시정비과(☎220-4716)로      연락 주시면 성의껏 안내해 드리겠습니다. 감사합니다.붙임  2024년8월19일-a0-민원상담목록번호231075.  끝."
을숙도 체육공원 운동 중 모기 및 해충 퇴치 조치 바랍니다.,답변완료,2024-08-13 12:50:53,보건소 보건행정과,"을숙도 체육공원 안에서 걷기, 달리기, 축구 등 운동을 하려고 하면 해충 및 모기가 너무 많아서 난감합니다. 방역 등 조치를 바랍니다. 수고 많으신데 감사합니다.","1. 안녕하십니까? 귀하께서 신청하신 민원에 대한 검토 결과를 다음과 같이 알려드립니다.2. 귀하의 민원내용은 을숙도 체육공원 일대 방역민원으로 이해됩니다.3. 우리 보건소에서는 월별 방역일정에 따라 관내 방역취약지를 월 2~3회 이상 정기적으로 방역하고 있으며, 귀하께서 요청하신 지역은 8.8.(목) 전체 동력분무 소독, 8.16.(금) 축구장 일대 수동분무 소독을 실시하였고, 8.23.(금) 추가 방역할 예정임을 알려드립니다.4. 귀하의 민원에 만족스러운 답변이 되었기를 바라며, 답변 내용에 대한 추가 설명이 필요한 경우 사하구 보건소 보건행정과(051-220-5742)로 연락주시면 친절히 안내해 드리도록 하겠습니다. 감사합니다.  끝."
을숙도 축구장 방역 요망,답변완료,2024-08-13 12:40:05,보건소 보건행정과,요즘 들어 부쩍 러닝 붐이 일어났습니다.그에 따라 을숙도 축구장 트랙을 이용하는 시민들이 늘었습니다.무더위 때문에 해가 지고 트랙 러닝을 하는 시민들이 많은데 주변에 벌레와 지독한 모기 때문에불편이 많습니다. 여기서 모기를 물리면 심할 경우 퉁퉁 붓고 장기간 증상이 지속됩니다.기피제를 뿌려도 완벽하게 대처가 힘듭니다.무더운 여름간 지속적인 방역이 꼭 필요할 듯 합니댜.감사합니다.,"1. 안녕하십니까? 귀하께서 신청하신 민원에 대한 검토 결과를 다음과 같이 알려드립니다.2. 귀하의 민원내용은 을숙도 체육공원 일대 방역민원으로 이해됩니다.3. 우리 보건소에서는 월별 방역일정에 따라 관내 방역취약지를 월 2~3회 이상 정기적으로 방역하고 있으며, 귀하께서 요청하신 지역은 8.8.(목) 전체 동력분무 소독, 8.16.(금) 축구장 일대 수동분무 소독을 실시하였고, 8.23.(금) 추가 방역할 예정임을 알려드립니다.4. 귀하의 민원에 만족스러운 답변이 되었기를 바라며, 답변 내용에 대한 추가 설명이 필요한 경우 사하구 보건소 보건행정과(051-220-5742)로 연락주시면 친절히 안내해 드리도록 하겠습니다. 감사합니다.  끝."
감천동 천연가스발전소 나누리 공원 앞 산책로 방서작업 요청합니다.,답변완료,2024-08-13 15:40:23,보건소 보건행정과,"안녕하세요, 더운 여름에 주민 복지를 애써주심에 감사드립니다.건의 드릴 내용은 감천동 화력발전소 나누리 공원 앞 산책로에 쥐가 많이 출몰하고 있습니다.쥐는 각종 질병을 옮기는 매개체가 되는 유해동물인 만큼 빨리 방충, 방서작업을 해주시기 바랍니다.주민들의 건강을 위해서 빠른 처리 부탁드립니다.감사합니다.","1. 안녕하십니까? 귀하께서 신청하신 민원에 대한 검토 결과를 다음과 같이 알려드립니다.2. 귀하의 민원내용은 감천나누리파크 앞 쥐 방제 및 방역 민원으로 이해됩니다.3. 우리 구 보건소에서는 모기 등 해충에 대한 방역과 유충구제를 주기적으로 시행하고 있으며, 쥐 방제에 대한 약품은 취급하지 않고 있으나 쥐를 매개로 한 2차 감염병 발생 예방을 위하여 해당 위치에 8. 14.(화) 소독을 시행하였습니다.4. 귀하의 민원에 만족스러운 답변이 되었기를 바라며, 답변 내용에 대한 추가 설명이  필요한 경우 사하구 보건소 보건행정과(051-220-5742)로 연락주시면 친절히 안내해 드리도록 하겠습니다. 감사합니다.붙임 : 2024년8월19일-a0-민원상담목록번호231096.  끝."
하단 로터리 대중교통 대기,이송이첩,2024-08-13 13:28:59,없음,"하단로터리를 경유하여 명지 국제신도시를 오가는 구민입니다.  다름이 아니라 녹산버스20번을 포함하여 마을버스 들이 죄다 하단교통섬??BRT 주변에서 회차하여 약20분 대기 후 버스승차장으로 오는 구조입니다.  예전에는 회차 후 5분 내 구민들이 승차할 수 있었는데 왜 이렇게 변경되었는지 모르겠으나 몇가지 문제 제시 후 시정요청드립니다.1. 버스회차 후 모든 마을버스들이 10,20분 대기를 하고 있으니 괴정쪽에서 명지쪽으로 가는 차량흐름에 방해된다.  회차할 때도 복잡한데다대기 까지 하고 있으니 이 일대가 항상 번잡하다2. 교통량이 많은 도로 한복판(교통섬?)에서 기다리다 보니 매연을 너무 많이 호흡하게되어 폐질환이 염려된다.  구민을 위한 정책인가?  교통수단을 위한 정책인가?3. 차량이 빤히 보이는데 20분씩 차를 기다리려니 너무 힘들다(덥고, 공기 탁하고, 시끄럽고, 다리아프다).지난 토요일 학생한명이 대기하는곳까지 뛰어 갔으나 절대 문을 열어주지 않았다 ㅠㅠㅠ이에 이 문제 해결을 위해1.하단 로터리 회차지점에서는 회차 후 바로 승객을 태워 출발한다2.버스 종점(각 차마다 다르겠죠)에서 기사님들이 휴식시간을 갖한다3.꼭 대기해야한다면 대기시간에도 승객들이 탈 수 있도록 편의제공한다마을버스를 이용하는 구민들을 위한 바람직한 정책을 펼칠것을 건의드리며 빠른 시정조치 부탁드립니다.",없음
아미산 제초 작업 (몰운대 롯데캐슬-응봉봉수대),답변완료,2024-08-12 12:40:13,교통환경국 산림녹지과,"안녕하세요. 더운 날씨에 업무에 노고가 많으십니다.아미산 관련, 몰운대 롯데캐슬에서 응봉 봉수대까지 가는 길에 풀이 무성하게 자라있습니다.그리고 무성한 풀때문인지 모기와 벌레들이 너무 많습니다. 체력 단련이 어려워요.제초작업 및 모기퇴치 부탁드립니다.참고로 사진 1장 첨부합니다.감사합니다.※ 첨부파일 :KakaoTalk_20240812_114256919.jpg","1. 우리 구정 발전과 산림업무에 관심을 가져주셔서 감사드립니다.2. 귀하께서 건의하신 민원(상담민원목록번호 : 230918)에 대하여 다음과 같이 답변드립니다.가. 민원요지○ 아미산 제초 작업(몰운대 롯데캐슬 ~ 응봉봉수대)나. 답변요지○ 현재 제초작업 요청이 많은 관계로 순차적으로 작업할 계획으로, 시간이 지연될 수 있음을 양해하여 주시기 바랍니다.3. 기타 추가 설명이나 궁금한 사항이 있으시면, 사하구 산림녹지과(☎051-220-4539)로 연락주시면 친절히 답변드리겠습니다.붙임  1. 2024년8월20일-a0-민원상담목록번호230918."
